Country,Year,Electricity installed capacity in Total renewable energy (MW),Electricity installed capacity in Hydropower (MW),Electricity installed capacity in Wind (MW),Electricity installed capacity in Solar (MW),Electricity installed capacity in Bioenergy (MW),Electricity installed capacity in Geothermal (MW),Electricity export (GWh),Electricity import (GWh),Electricity final consumption (GWh),"Electricity generation, Total (GWh)",Electricity generated from fossil fuels (GWh),Electricity generated from nuclear power (GWh),Electricity generated from renewable sources (GWh),Electricity generated from hydropower (GWh),"Electricity generated from solar, wind, tide, wave and other sources (GWh)",Electricity generated from biofuels and waste (GWh),Electricity generated from geothermal energy (GWh),Population access to electricity-National (% of population),Population access to electricity-Urban (% of population),Population access to electricity-Rural (% of population),Electricity generation per Capita (KWh),Electricity final consumption per capita (KWh),,,,,,,,,,,,
Algeria,2013,252.60,227.60,0.00,25.00,0.00,0.00,384.00,295.00,40188.00,60121.00,59560.00,0.00,561.00,330.00,231.00,0.00,0.00,99.00,99.70,97.30,1568.20,1048.20,,,,,,,,,,,,
Algeria,2014,263.90,227.60,10.20,26.10,0.00,0.00,877.00,686.00,45751.00,64527.00,63988.00,0.00,539.00,254.00,285.00,0.00,0.00,99.10,99.70,97.50,1649.70,1169.70,,,,,,,,,,,,
Algeria,2015,311.90,227.60,10.20,74.10,0.00,0.00,641.00,610.00,47957.00,68798.00,68576.00,0.00,222.00,145.00,77.00,0.00,0.00,99.20,99.80,97.80,1725.50,1202.80,,,,,,,,,,,,
Algeria,2016,481.90,227.60,10.20,244.10,0.00,0.00,507.00,257.00,52288.00,70997.00,70663.00,0.00,334.00,218.00,116.00,0.00,0.00,99.40,99.80,98.40,1748.40,1287.70,,,,,,,,,,,,
Algeria,2017,663.20,228.00,10.20,425.00,0.00,0.00,918.80,576.00,56376.10,76017.40,75382.00,0.00,635.40,56.30,579.10,0.00,0.00,99.60,99.80,99.00,1839.80,1364.40,,,,,,,,,,,,
Algeria,2018,686.00,228.00,10.00,448.00,0.00,0.00,833.90,742.90,58152.60,76663.10,75880.00,0.00,783.10,117.00,666.10,0.00,0.00,99.60,99.90,99.00,1825.00,1384.30,,,,,,,,,,,,
Algeria,2019,686.00,228.00,10.00,448.00,0.00,0.00,975.80,887.70,59053.70,80234.70,79441.50,0.00,793.20,119.70,673.50,0.00,0.00,99.50,99.80,98.70,1880.00,1383.70,,,,,,,,,,,,
Algeria,2020,686.00,228.00,10.00,448.00,0.00,0.00,1128.90,1047.20,60044.30,84104.50,83299.20,0.00,805.20,122.30,682.90,0.00,0.00,NA,NA,NA,1940.90,1385.60,,,,,,,,,,,,
Angola,2013,948.00,937.20,0.00,10.80,0.00,0.00,0.00,0.00,7087.00,8036.60,3449.00,0.00,4587.60,4587.60,0.00,0.00,0.00,38.20,50.90,17.60,309.10,272.60,,,,,,,,,,,,
Angola,2014,1016.10,953.20,0.00,12.00,51.00,0.00,0.00,0.00,8178.00,9480.00,4439.00,0.00,5041.00,5041.00,0.00,0.00,0.00,32.00,43.50,12.60,352.10,303.80,,,,,,,,,,,,
Angola,2015,1017.00,953.20,0.00,12.90,51.00,0.00,0.00,0.00,8384.20,9764.00,4572.00,0.00,5192.00,5192.00,0.00,0.00,0.00,42.00,58.90,12.70,350.50,300.90,,,,,,,,,,,,
Angola,2016,1748.80,1684.40,0.00,13.40,51.00,0.00,0.00,0.00,5744.00,10361.00,4546.00,0.00,5815.00,5815.00,0.00,0.00,0.00,41.80,56.20,16.00,359.60,199.40,,,,,,,,,,,,
Angola,2017,2429.20,2364.90,0.00,13.40,51.00,0.00,0.00,0.00,9182.90,10719.80,3066.80,0.00,7653.10,7653.10,0.00,0.00,0.00,43.00,57.80,15.70,359.90,308.30,,,,,,,,,,,,
Angola,2018,3097.20,3032.90,0.00,13.40,51.00,0.00,0.00,0.00,11390.30,13076.60,2702.20,0.00,10374.30,10374.30,0.00,0.00,0.00,45.30,59.40,18.50,424.90,370.10,,,,,,,,,,,,
Angola,2019,3431.20,3366.90,0.00,13.40,51.00,0.00,0.00,0.00,11639.20,13506.60,2751.80,0.00,10754.80,10754.80,0.00,0.00,0.00,45.70,59.50,18.60,424.90,366.20,,,,,,,,,,,,
Angola,2020,3765.20,3700.90,0.00,13.40,51.00,0.00,0.00,0.00,11928.10,13990.90,2803.50,0.00,11187.30,11187.30,0.00,0.00,0.00,NA,NA,NA,426.20,363.40,,,,,,,,,,,,
Benin,2013,0.50,0.50,0.00,0.00,0.00,0.00,0.00,987.50,911.00,173.00,172.00,0.00,1.00,0.00,0.00,1.00,0.00,34.70,61.00,13.40,17.30,91.10,,,,,,,,,,,,
Benin,2014,0.70,0.50,0.00,0.20,0.00,0.00,0.00,968.00,985.00,247.00,239.00,0.00,8.00,0.00,7.00,1.00,0.00,34.10,55.80,16.20,24.00,95.80,,,,,,,,,,,,
Benin,2015,1.70,0.50,0.00,1.20,0.00,0.00,0.00,1046.00,1127.80,329.00,323.00,0.00,6.00,0.00,5.00,1.00,0.00,29.60,51.70,11.10,31.10,106.60,,,,,,,,,,,,
Benin,2016,3.40,0.50,0.00,2.90,0.00,0.00,0.00,1088.00,1149.00,341.00,335.00,0.00,6.00,0.00,5.00,1.00,0.00,37.10,62.50,15.30,31.40,105.70,,,,,,,,,,,,
Benin,2017,3.40,0.50,0.00,2.90,0.00,0.00,0.00,1169.70,1139.40,331.90,324.60,0.00,7.30,1.20,5.10,1.00,0.00,34.50,54.20,17.20,29.70,101.90,,,,,,,,,,,,
Benin,2018,3.40,0.50,0.00,2.90,0.00,0.00,0.00,1293.20,1182.60,224.30,216.90,0.00,7.40,1.20,5.10,1.00,0.00,39.20,64.40,16.70,19.50,103.00,,,,,,,,,,,,
Benin,2019,3.40,0.50,0.00,2.90,0.00,0.00,0.00,1396.80,1213.90,229.10,221.60,0.00,7.50,1.20,5.20,1.00,0.00,40.30,65.30,17.40,19.40,102.90,,,,,,,,,,,,
Benin,2020,3.40,0.50,0.00,2.90,0.00,0.00,0.00,1512.90,1247.60,234.10,226.50,0.00,7.60,1.20,5.30,1.10,0.00,NA,NA,NA,19.30,102.90,,,,,,,,,,,,
Botswana,2013,1.70,0.00,0.00,1.70,0.00,0.00,0.00,2819.00,3310.00,1914.80,1906.00,0.00,8.80,0.00,8.80,0.00,0.00,57.90,74.60,26.00,899.60,1555.10,,,,,,,,,,,,
Botswana,2014,1.90,0.00,0.00,1.90,0.00,0.00,0.00,1684.00,3449.00,2323.00,2312.00,0.00,11.00,0.00,11.00,0.00,0.00,59.90,76.60,27.10,1071.20,1590.40,,,,,,,,,,,,
Botswana,2015,2.20,0.00,0.00,2.20,0.00,0.00,0.00,1468.00,3552.90,2968.00,2966.00,0.00,2.00,0.00,2.00,0.00,0.00,62.10,79.60,26.50,1343.50,1608.20,,,,,,,,,,,,
Botswana,2016,3.30,0.00,0.00,3.30,0.00,0.00,0.00,1673.00,3479.00,2688.00,2686.00,0.00,2.00,0.00,2.00,0.00,0.00,64.30,81.10,28.70,1194.50,1546.00,,,,,,,,,,,,
Botswana,2017,3.40,0.00,0.00,3.40,0.00,0.00,0.00,1306.70,3294.00,2722.50,2720.40,0.00,2.00,0.00,2.00,0.00,0.00,67.40,84.00,31.00,1188.00,1437.40,,,,,,,,,,,,
Botswana,2018,3.90,0.00,0.00,3.90,0.00,0.00,0.00,1340.80,3385.70,3057.50,3057.50,0.00,0.00,0.00,0.00,0.00,0.00,68.40,85.70,29.00,1310.40,1451.10,,,,,,,,,,,,
Botswana,2019,6.10,0.00,0.00,6.10,0.00,0.00,0.00,1366.90,3534.00,3101.80,3101.80,0.00,0.00,0.00,0.00,0.00,0.00,70.20,88.30,27.60,1306.20,1488.20,,,,,,,,,,,,
Botswana,2020,6.10,0.00,0.00,6.10,0.00,0.00,0.00,1393.00,3695.00,3149.40,3149.40,0.00,0.00,0.00,0.00,0.00,0.00,NA,NA,NA,1303.70,1529.50,,,,,,,,,,,,
Burundi,2013,57.40,50.80,0.00,2.60,4.00,0.00,0.00,91.70,144.50,184.00,4.40,0.00,179.60,178.70,0.90,0.00,0.00,6.90,52.40,1.00,19.20,15.10,,,,,,,,,,,,
Burundi,2014,57.60,50.80,0.00,2.80,4.00,0.00,0.00,91.70,144.50,184.00,4.00,0.00,180.00,179.00,1.00,0.00,0.00,7.00,52.10,1.00,18.60,14.60,,,,,,,,,,,,
Burundi,2015,57.90,50.80,0.00,3.10,4.00,0.00,0.00,98.00,148.80,186.50,4.10,0.00,182.40,181.40,1.00,0.00,0.00,8.40,57.10,1.70,18.30,14.60,,,,,,,,,,,,
Burundi,2016,58.90,50.80,0.00,4.10,4.00,0.00,0.00,104.90,161.10,189.10,4.30,0.00,184.80,183.80,1.00,0.00,0.00,9.30,58.70,2.30,18.00,15.30,,,,,,,,,,,,
Burundi,2017,57.40,48.30,0.00,5.10,4.00,0.00,0.00,112.50,177.80,260.30,73.80,0.00,186.50,185.50,1.00,0.00,0.00,9.30,58.10,2.20,24.00,16.40,,,,,,,,,,,,
Burundi,2018,57.40,48.30,0.00,5.10,4.00,0.00,0.00,120.90,255.70,263.00,73.80,0.00,189.10,188.10,1.00,0.00,0.00,10.60,61.50,3.00,23.40,22.80,,,,,,,,,,,,
Burundi,2019,57.40,48.30,0.00,5.10,4.00,0.00,0.00,130.30,270.70,266.40,74.60,0.00,191.80,190.80,1.00,0.00,0.00,11.10,62.70,3.10,23.00,23.40,,,,,,,,,,,,
Burundi,2020,57.40,48.30,0.00,5.10,4.00,0.00,0.00,140.70,289.80,270.20,75.70,0.00,194.60,193.60,1.00,0.00,0.00,NA,NA,NA,22.60,24.30,,,,,,,,,,,,
Cameroon,2013,736.10,732.50,0.00,3.60,0.00,0.00,0.00,0.00,5214.00,5975.80,1613.00,0.00,4362.80,4231.00,63.80,68.00,0.00,56.20,88.50,19.20,275.90,240.80,,,,,,,,,,,,
Cameroon,2014,738.10,732.50,0.00,5.60,0.00,0.00,0.00,1507.00,5485.00,6220.00,1518.00,0.00,4702.00,4562.00,68.00,72.00,0.00,56.80,89.20,18.80,279.70,246.60,,,,,,,,,,,,
Cameroon,2015,739.90,732.50,0.00,7.40,0.00,0.00,0.00,60.00,6070.60,8013.70,3581.00,0.00,4432.70,4359.00,70.70,3.00,0.00,58.60,89.80,21.00,350.90,265.90,,,,,,,,,,,,
Cameroon,2016,741.50,732.50,0.00,9.00,0.00,0.00,0.00,55.00,6425.00,8441.70,3753.00,0.00,4688.70,4611.00,73.70,4.00,0.00,59.80,90.60,21.80,360.20,274.10,,,,,,,,,,,,
Cameroon,2017,743.90,732.30,0.00,11.60,0.00,0.00,0.00,60.20,6694.50,8666.60,3798.50,0.00,4868.20,4787.00,77.00,4.10,0.00,61.00,91.50,22.50,360.30,278.30,,,,,,,,,,,,
Cameroon,2018,746.50,732.30,0.00,14.20,0.00,0.00,0.00,48.90,6590.80,8343.10,3986.00,0.00,4357.10,4272.40,80.50,4.20,0.00,62.20,90.00,26.30,338.10,267.10,,,,,,,,,,,,
Cameroon,2019,791.50,777.30,0.00,14.20,0.00,0.00,0.00,53.30,6886.80,8572.80,4045.50,0.00,4527.30,4438.70,84.30,4.30,0.00,63.50,93.20,24.00,338.70,272.10,,,,,,,,,,,,
Cameroon,2020,791.60,777.30,0.00,14.30,0.00,0.00,0.00,58.10,7211.40,8816.70,4111.10,0.00,4705.60,4612.70,88.50,4.40,0.00,NA,NA,NA,339.60,277.80,,,,,,,,,,,,
Cape Verde,2013,32.90,0.00,27.20,5.70,0.00,0.00,0.00,0.00,1014.80,297.40,290.40,0.00,7.00,0.00,7.00,0.00,0.00,83.00,90.80,69.50,571.80,1951.10,,,,,,,,,,,,
Cape Verde,2014,33.00,0.00,27.20,5.80,0.00,0.00,0.00,0.00,1018.10,349.40,315.00,0.00,34.40,0.00,34.40,0.00,0.00,85.10,91.60,73.50,663.70,1934.00,,,,,,,,,,,,
Cape Verde,2015,33.30,0.00,27.20,6.10,0.00,0.00,0.00,0.00,226.30,359.70,322.40,0.00,37.30,0.00,37.30,0.00,0.00,87.10,92.30,77.80,674.90,424.70,,,,,,,,,,,,
Cape Verde,2016,33.40,0.00,27.20,6.20,0.00,0.00,0.00,0.00,236.10,367.80,330.10,0.00,37.70,0.00,37.70,0.00,0.00,89.20,93.10,82.10,681.60,437.60,,,,,,,,,,,,
Cape Verde,2017,33.40,0.00,27.20,6.20,0.00,0.00,0.00,0.00,364.20,490.90,408.00,0.00,83.00,0.00,83.00,0.00,0.00,91.30,93.80,86.60,898.50,666.60,,,,,,,,,,,,
Cape Verde,2018,35.30,0.00,27.80,7.50,0.00,0.00,0.00,0.00,361.80,502.60,418.40,0.00,84.30,0.00,84.30,0.00,0.00,93.40,94.60,91.20,908.30,653.80,,,,,,,,,,,,
Cape Verde,2019,35.40,0.00,27.80,7.60,0.00,0.00,0.00,0.00,377.50,515.20,429.30,0.00,85.90,0.00,85.90,0.00,0.00,95.50,95.30,95.90,919.50,673.80,,,,,,,,,,,,
Cape Verde,2020,35.40,0.00,27.80,7.60,0.00,0.00,0.00,0.00,395.20,528.80,441.00,0.00,87.80,0.00,87.80,0.00,0.00,NA,NA,NA,932.10,696.60,,,,,,,,,,,,
Central African republic,2013,19.10,18.90,0.00,0.30,0.00,0.00,0.00,0.00,104.80,144.30,0.70,0.00,143.60,138.50,5.10,0.00,0.00,11.50,26.60,1.50,32.10,23.30,,,,,,,,,,,,
Central African republic,2014,19.10,18.90,0.00,0.30,0.00,0.00,0.00,0.00,76.20,147.20,1.00,0.00,146.20,138.80,7.30,0.00,0.00,12.10,27.50,1.80,32.60,16.90,,,,,,,,,,,,
Central African republic,2015,19.10,18.90,0.00,0.30,0.00,0.00,0.00,0.00,62.80,149.00,1.00,0.00,148.00,140.60,7.40,0.00,0.00,12.70,29.50,1.40,32.80,13.80,,,,,,,,,,,,
Central African republic,2016,19.10,18.90,0.00,0.30,0.00,0.00,0.00,0.00,64.60,150.80,1.00,0.00,149.80,142.30,7.50,0.00,0.00,13.50,30.50,1.90,32.80,14.10,,,,,,,,,,,,
Central African republic,2017,19.10,18.90,0.00,0.30,0.00,0.00,0.00,0.00,66.50,152.80,1.00,0.00,151.80,144.10,7.60,0.00,0.00,14.20,31.50,2.10,32.80,14.30,,,,,,,,,,,,
Central African republic,2018,19.10,18.90,0.00,0.30,0.00,0.00,0.00,0.00,94.80,151.60,2.00,0.00,149.70,141.90,7.80,0.00,0.00,14.70,32.30,2.20,32.00,20.00,,,,,,,,,,,,
Central African republic,2019,19.20,18.90,0.00,0.30,0.00,0.00,0.00,0.00,97.60,153.70,2.00,0.00,151.70,143.70,8.00,0.00,0.00,14.30,32.10,1.50,31.80,20.20,,,,,,,,,,,,
Central African republic,2020,19.20,18.90,0.00,0.30,0.00,0.00,0.00,0.00,100.40,155.80,2.00,0.00,153.70,145.50,8.20,0.00,0.00,NA,NA,NA,31.70,20.40,,,,,,,,,,,,
Comoros,2013,1.40,1.40,0.00,0.00,0.00,0.00,0.00,0.00,29.20,65.60,60.20,0.00,5.40,5.30,0.00,0.00,0.00,69.60,87.40,62.60,88.40,39.40,,,,,,,,,,,,
Comoros,2014,1.40,1.40,0.00,0.00,0.00,0.00,0.00,0.00,29.00,65.00,60.00,0.00,5.00,5.00,0.00,0.00,0.00,72.00,89.20,65.20,85.60,38.10,,,,,,,,,,,,
Comoros,2015,1.40,1.40,0.00,0.00,0.00,0.00,0.00,0.00,30.00,67.60,62.30,0.00,5.30,5.20,0.00,0.00,0.00,74.40,91.00,67.80,86.90,38.60,,,,,,,,,,,,
Comoros,2016,1.40,1.40,0.00,0.00,0.00,0.00,0.00,0.00,31.00,70.40,65.00,0.00,5.50,5.50,0.00,0.00,0.00,76.80,92.80,70.40,88.50,39.00,,,,,,,,,,,,
Comoros,2017,1.40,1.40,0.00,0.00,0.00,0.00,0.00,0.00,33.30,73.50,67.80,0.00,5.70,5.70,0.00,0.00,0.00,79.20,94.60,73.00,90.30,40.90,,,,,,,,,,,,
Comoros,2018,1.40,1.40,0.00,0.00,0.00,0.00,0.00,0.00,29.80,76.80,70.80,0.00,6.00,6.00,0.00,0.00,0.00,81.60,96.40,75.60,92.30,35.70,,,,,,,,,,,,
Comoros,2019,1.40,1.40,0.00,0.00,0.00,0.00,0.00,0.00,30.80,77.40,71.20,0.00,6.30,6.20,0.00,0.00,0.00,84.00,98.20,78.20,91.00,36.10,,,,,,,,,,,,
Comoros,2020,1.40,1.40,0.00,0.00,0.00,0.00,0.00,0.00,31.80,81.10,74.60,0.00,6.60,6.50,0.00,0.00,0.00,NA,NA,NA,93.30,36.60,,,,,,,,,,,,
Congo Republic,2013,194.20,194.00,0.00,0.20,0.00,0.00,19.40,56.00,802.00,1514.30,543.30,0.00,971.00,971.00,0.00,0.00,0.00,42.40,60.00,10.40,318.70,168.80,,,,,,,,,,,,
Congo Republic,2014,194.50,194.00,0.00,0.50,0.00,0.00,22.30,18.00,798.00,1740.00,788.00,0.00,952.00,952.00,0.00,0.00,0.00,43.30,60.70,10.70,357.20,163.80,,,,,,,,,,,,
Congo Republic,2015,194.50,194.00,0.00,0.50,0.00,0.00,22.40,18.00,807.20,1730.50,805.50,0.00,925.00,925.00,0.00,0.00,0.00,44.20,61.70,11.00,346.40,161.60,,,,,,,,,,,,
Congo Republic,2016,201.00,200.50,0.00,0.50,0.00,0.00,22.00,18.00,805.00,1753.00,794.00,0.00,959.00,959.00,0.00,0.00,0.00,45.20,62.80,11.00,342.00,157.00,,,,,,,,,,,,
Congo Republic,2017,214.50,213.90,0.00,0.60,0.00,0.00,22.10,18.00,1554.70,1829.00,817.00,0.00,1012.00,1012.00,0.00,0.00,0.00,46.10,63.90,10.90,347.70,295.50,,,,,,,,,,,,
Congo Republic,2018,214.60,213.90,0.00,0.70,0.00,0.00,15.60,18.00,1634.40,2620.10,1525.70,0.00,1094.30,1094.30,0.00,0.00,0.00,47.20,64.80,11.60,485.20,302.70,,,,,,,,,,,,
Congo Republic,2019,214.60,213.90,0.00,0.70,0.00,0.00,15.30,17.70,1729.90,2744.70,1584.20,0.00,1160.60,1160.60,0.00,0.00,0.00,48.30,65.60,12.70,495.20,312.10,,,,,,,,,,,,
Congo Republic,2020,214.60,213.90,0.00,0.70,0.00,0.00,15.50,18.00,1765.10,2888.40,1654.30,0.00,1234.00,1234.00,0.00,0.00,0.00,NA,NA,NA,507.90,310.40,,,,,,,,,,,,
Djibouti,2013,0.30,0.00,0.00,0.30,0.00,0.00,0.00,0.00,447.40,82.00,79.50,0.00,2.50,0.00,2.50,0.00,0.00,56.30,66.30,22.20,91.40,499.00,,,,,,,,,,,,
Djibouti,2014,0.30,0.00,0.00,0.30,0.00,0.00,0.00,0.00,479.80,355.00,352.00,0.00,3.00,0.00,3.00,0.00,0.00,56.60,67.10,21.00,389.20,526.00,,,,,,,,,,,,
Djibouti,2015,0.30,0.00,0.00,0.30,0.00,0.00,0.00,0.00,479.80,363.90,360.90,0.00,3.00,0.00,3.00,0.00,0.00,57.70,67.90,22.70,392.40,517.40,,,,,,,,,,,,
Djibouti,2016,0.40,0.00,0.00,0.40,0.00,0.00,0.00,0.00,488.10,373.20,370.20,0.00,3.00,0.00,3.00,0.00,0.00,58.70,68.60,24.70,396.10,518.00,,,,,,,,,,,,
Djibouti,2017,0.40,0.00,0.00,0.40,0.00,0.00,0.00,508.20,581.50,569.60,569.40,0.00,0.20,0.00,0.20,0.00,0.00,60.20,70.00,26.30,595.20,607.70,,,,,,,,,,,,
Djibouti,2018,0.40,0.00,0.00,0.40,0.00,0.00,0.00,498.30,604.00,30.10,29.90,0.00,0.20,0.00,0.20,0.00,0.00,60.60,70.70,25.10,31.00,621.80,,,,,,,,,,,,
Djibouti,2019,0.40,0.00,0.00,0.40,0.00,0.00,0.00,524.70,620.80,30.90,30.70,0.00,0.20,0.00,0.20,0.00,0.00,61.30,71.60,25.00,31.40,629.80,,,,,,,,,,,,
Djibouti,2020,0.40,0.00,0.00,0.40,0.00,0.00,0.00,564.90,640.60,31.70,31.50,0.00,0.20,0.00,0.20,0.00,0.00,NA,NA,NA,31.70,640.70,,,,,,,,,,,,
Egypt,2013,3452.00,2800.00,550.00,35.00,67.00,0.00,468.70,79.00,143323.00,157029.40,142468.00,0.00,14561.40,12940.00,1621.40,0.00,0.00,99.80,99.90,99.80,1748.50,1595.90,,,,,,,,,,,,
Egypt,2014,3452.00,2800.00,550.00,35.00,67.00,0.00,760.00,81.00,143120.00,171719.00,156206.00,0.00,15513.00,13822.00,1691.00,0.00,0.00,99.80,99.90,99.70,1870.30,1558.80,,,,,,,,,,,,
Egypt,2015,3662.00,2800.00,750.00,45.00,67.00,0.00,747.00,54.00,146452.10,186207.00,170549.00,0.00,15658.00,13432.00,2226.00,0.00,0.00,99.30,99.10,99.40,1985.60,1561.70,,,,,,,,,,,,
Egypt,2016,3676.00,2800.00,750.00,59.00,67.00,0.00,747.00,54.00,162275.00,194357.80,178641.00,0.00,15716.80,13490.80,2226.00,0.00,0.00,100.00,100.00,100.00,2031.10,1695.90,,,,,,,,,,,,
Egypt,2017,3797.00,2800.00,750.00,180.00,67.00,0.00,720.90,79.90,168472.10,196617.60,180692.10,0.00,15925.50,13674.50,2251.00,0.00,0.00,100.00,100.00,100.00,2015.50,1727.00,,,,,,,,,,,,
Egypt,2018,4789.20,2832.00,1125.00,765.20,67.00,0.00,756.40,77.50,160778.10,198970.90,182833.00,0.00,16137.90,13860.80,2277.10,0.00,0.00,100.00,100.00,100.00,2002.20,1617.90,,,,,,,,,,,,
Egypt,2019,5947.70,2832.00,1375.00,1662.20,78.50,0.00,706.60,78.00,167156.00,201414.90,185061.10,0.00,16353.80,14049.80,2304.00,0.00,0.00,100.00,100.00,100.00,1990.90,1652.30,,,,,,,,,,,,
Egypt,2020,5980.20,2832.00,1375.00,1694.20,79.00,0.00,672.60,90.10,173946.00,203949.00,187374.80,0.00,16574.20,14241.70,2332.60,0.00,0.00,NA,NA,NA,1981.20,1689.80,,,,,,,,,,,,
Equatorial Guinea,2013,125.60,125.60,0.00,0.00,0.00,0.00,0.00,0.00,360.80,53.50,36.00,0.00,17.50,17.50,0.00,0.00,0.00,65.80,92.00,5.70,49.30,333.00,,,,,,,,,,,,
Equatorial Guinea,2014,125.60,125.60,0.00,0.00,0.00,0.00,0.00,0.00,647.90,478.00,35.00,0.00,443.00,443.00,0.00,0.00,0.00,65.90,91.90,5.00,423.20,573.70,,,,,,,,,,,,
Equatorial Guinea,2015,125.60,125.60,0.00,0.00,0.00,0.00,0.00,0.00,668.20,500.00,33.10,0.00,466.90,466.90,0.00,0.00,0.00,66.00,91.70,4.30,425.40,568.50,,,,,,,,,,,,
Equatorial Guinea,2016,125.60,125.60,0.00,0.00,0.00,0.00,0.00,0.00,727.70,513.20,41.90,0.00,471.30,471.30,0.00,0.00,0.00,66.10,91.50,3.70,420.10,595.70,,,,,,,,,,,,
Equatorial Guinea,2017,125.60,125.60,0.00,0.00,0.00,0.00,0.00,0.00,549.50,466.20,28.00,0.00,438.20,438.20,0.00,0.00,0.00,66.30,91.30,3.20,367.70,433.50,,,,,,,,,,,,
Equatorial Guinea,2018,127.10,127.10,0.00,0.00,0.00,0.00,0.00,0.00,1204.50,472.40,29.50,0.00,442.90,442.90,0.00,0.00,0.00,66.40,91.10,2.60,359.60,916.80,,,,,,,,,,,,
Equatorial Guinea,2019,127.10,127.10,0.00,0.00,0.00,0.00,0.00,0.00,1271.40,479.60,31.10,0.00,448.40,448.40,0.00,0.00,0.00,66.60,90.90,2.20,352.60,934.80,,,,,,,,,,,,
Equatorial Guinea,2020,127.20,127.10,0.00,0.10,0.00,0.00,0.00,0.00,1370.80,487.60,32.80,0.00,454.80,454.80,0.00,0.00,0.00,NA,NA,NA,346.70,974.70,,,,,,,,,,,,
Eritrea,2013,0.90,0.00,0.80,0.00,0.00,0.00,0.00,0.00,295.00,367.40,361.00,0.00,6.40,0.00,6.40,0.00,0.00,43.20,76.70,23.60,79.00,63.40,,,,,,,,,,,,
Eritrea,2014,8.70,0.00,0.80,7.90,0.00,0.00,0.00,0.00,283.00,395.00,386.00,0.00,9.00,0.00,9.00,0.00,0.00,44.40,76.50,25.10,83.20,59.60,,,,,,,,,,,,
Eritrea,2015,8.70,0.00,0.80,7.90,0.00,0.00,0.00,0.00,311.60,406.00,404.00,0.00,2.00,0.00,2.00,0.00,0.00,45.60,76.30,26.60,83.80,64.30,,,,,,,,,,,,
Eritrea,2016,9.00,0.00,0.80,8.20,0.00,0.00,0.00,0.00,338.00,421.00,419.00,0.00,2.00,0.00,2.00,0.00,0.00,46.80,76.20,28.10,85.00,68.20,,,,,,,,,,,,
Eritrea,2017,11.00,0.00,0.80,10.20,0.00,0.00,0.00,0.00,353.20,434.00,432.00,0.00,2.00,0.00,2.00,0.00,0.00,48.00,76.00,29.70,85.60,69.70,,,,,,,,,,,,
Eritrea,2018,18.50,0.00,0.80,17.70,0.00,0.00,0.00,0.00,369.80,447.80,445.70,0.00,2.10,0.00,2.10,0.00,0.00,49.20,75.80,31.40,86.30,71.30,,,,,,,,,,,,
Eritrea,2019,20.80,0.00,0.80,20.00,0.00,0.00,0.00,0.00,388.10,462.30,460.10,0.00,2.10,0.00,2.10,0.00,0.00,50.40,75.70,33.00,87.10,73.10,,,,,,,,,,,,
Eritrea,2020,23.00,0.00,0.80,22.20,0.00,0.00,0.00,0.00,408.20,477.50,475.30,0.00,2.20,0.00,2.20,0.00,0.00,NA,NA,NA,87.90,75.10,,,,,,,,,,,,
Gabon,2013,331.60,330.20,0.00,1.40,0.00,0.00,0.00,184.00,1729.00,2265.70,1320.00,0.00,945.70,931.90,3.60,10.20,0.00,86.40,94.30,32.80,1246.80,951.40,,,,,,,,,,,,
Gabon,2014,331.60,330.20,0.00,1.40,0.00,0.00,0.00,388.00,1989.00,3219.00,2408.90,0.00,810.10,794.50,5.60,10.00,0.00,87.00,96.30,20.80,1716.20,1060.40,,,,,,,,,,,,
Gabon,2015,332.80,330.20,0.00,1.40,1.20,0.00,0.00,337.00,2095.20,3377.70,2502.50,0.00,875.20,862.40,2.00,10.80,0.00,87.30,96.70,17.70,1750.00,1085.50,,,,,,,,,,,,
Gabon,2016,332.90,330.30,0.00,1.40,1.20,0.00,0.00,344.00,2008.00,3091.90,2147.50,0.00,944.40,930.40,2.00,12.00,0.00,88.20,97.10,18.90,1561.70,1014.30,,,,,,,,,,,,
Gabon,2017,332.90,330.30,0.00,1.40,1.20,0.00,0.00,369.40,2123.10,3195.90,2168.20,0.00,1027.60,1012.60,2.00,13.00,0.00,86.30,94.60,19.00,1578.10,1048.40,,,,,,,,,,,,
Gabon,2018,332.90,330.30,0.00,1.40,1.20,0.00,0.00,402.60,2147.10,2670.90,1561.90,0.00,1109.00,1100.00,2.00,7.00,0.00,89.80,97.90,22.10,1291.80,1038.50,,,,,,,,,,,,
Gabon,2019,332.90,330.30,0.00,1.40,1.20,0.00,0.00,406.90,2275.20,2787.30,1578.50,0.00,1208.90,1199.20,2.10,7.60,0.00,90.70,98.30,24.20,1321.60,1078.80,,,,,,,,,,,,
Gabon,2020,332.90,330.30,0.00,1.40,1.20,0.00,0.00,411.90,2415.90,2915.10,1595.60,0.00,1319.40,1309.10,2.10,8.20,0.00,NA,NA,NA,1355.00,1123.00,,,,,,,,,,,,
Gambia,2013,3.10,0.00,1.00,2.00,0.00,0.00,0.00,0.00,1208.00,238.40,236.40,0.00,2.00,0.00,2.00,0.00,0.00,51.50,67.00,30.30,128.20,649.70,,,,,,,,,,,,
Gambia,2014,3.30,0.00,1.20,2.10,0.00,0.00,0.00,0.00,1232.60,310.00,304.00,0.00,6.00,0.00,6.00,0.00,0.00,53.00,70.80,27.70,161.60,642.70,,,,,,,,,,,,
Gambia,2015,3.40,0.00,1.20,2.20,0.00,0.00,0.00,0.00,147.70,315.80,309.80,0.00,6.10,0.00,6.10,0.00,0.00,54.40,72.40,28.40,159.70,74.70,,,,,,,,,,,,
Gambia,2016,3.40,0.00,1.20,2.20,0.00,0.00,0.00,0.00,149.20,322.00,315.90,0.00,6.10,0.00,6.10,0.00,0.00,56.00,74.10,28.90,158.00,73.20,,,,,,,,,,,,
Gambia,2017,3.40,0.00,1.20,2.20,0.00,0.00,0.00,0.00,155.50,328.60,322.30,0.00,6.20,0.00,6.20,0.00,0.00,56.20,79.40,20.50,156.40,74.00,,,,,,,,,,,,
Gambia,2018,3.40,0.00,1.20,2.20,0.00,0.00,0.00,0.00,162.20,335.50,329.10,0.00,6.40,0.00,6.40,0.00,0.00,60.30,76.40,34.80,155.00,74.90,,,,,,,,,,,,
Gambia,2019,3.40,0.00,1.20,2.20,0.00,0.00,0.00,0.00,169.40,342.70,336.30,0.00,6.50,0.00,6.50,0.00,0.00,59.90,79.80,27.60,153.80,76.00,,,,,,,,,,,,
Gambia,2020,3.40,0.00,1.20,2.20,0.00,0.00,0.00,0.00,177.30,350.40,343.80,0.00,6.60,0.00,6.60,0.00,0.00,NA,NA,NA,152.80,77.30,,,,,,,,,,,,
Ghana,2013,1589.80,1580.00,0.00,3.00,6.80,0.00,530.00,27.00,8286.00,12871.00,4635.00,0.00,8236.00,8233.00,3.00,0.00,0.00,70.70,88.50,50.80,488.50,314.50,,,,,,,,,,,,
Ghana,2014,1593.10,1580.00,0.00,4.80,8.30,0.00,522.00,51.00,9808.00,12963.00,4572.00,0.00,8391.00,8387.00,4.00,0.00,0.00,78.30,90.80,64.00,480.80,363.80,,,,,,,,,,,,
Ghana,2015,1622.60,1584.00,0.00,29.70,8.40,0.00,587.00,223.00,9399.10,11491.00,5643.00,0.00,5848.00,5845.00,3.00,0.00,0.00,74.20,88.00,57.80,416.60,340.80,,,,,,,,,,,,
Ghana,2016,1626.40,1584.00,0.00,33.60,8.40,0.00,511.00,186.60,8416.00,13044.40,7435.00,0.00,5609.40,5582.40,27.00,0.00,0.00,79.30,89.80,66.60,462.50,298.40,,,,,,,,,,,,
Ghana,2017,1631.40,1584.00,0.00,38.60,8.40,0.00,524.00,503.00,12094.00,14068.00,8424.00,0.00,5644.00,5616.10,27.90,0.00,0.00,79.00,90.00,65.30,487.90,419.40,,,,,,,,,,,,
Ghana,2018,1655.70,1584.00,0.00,62.90,8.40,0.00,1120.20,520.20,12388.30,14696.20,8703.70,0.00,5992.60,5963.60,28.90,0.00,0.00,80.40,89.90,68.30,498.80,420.50,,,,,,,,,,,,
Ghana,2019,1656.10,1584.00,0.00,63.30,8.40,0.00,1098.50,508.70,12705.40,15379.60,9017.30,0.00,6362.30,6332.00,30.30,0.00,0.00,83.50,93.80,70.00,511.00,422.10,,,,,,,,,,,,
Ghana,2020,1662.60,1584.00,0.00,69.80,8.40,0.00,1238.30,659.80,13045.80,16122.40,9366.60,0.00,6755.80,6723.50,32.20,0.00,0.00,NA,NA,NA,524.60,424.50,,,,,,,,,,,,
Guinea-Bissau,2013,0.00,0.00,0.00,0.00,0.00,0.00,0.00,0.00,37.30,74.60,74.60,0.00,0.00,0.00,0.00,0.00,0.00,16.20,27.90,8.00,44.40,22.20,,,,,,,,,,,,
Guinea-Bissau,2014,0.00,0.00,0.00,0.00,0.00,0.00,0.00,0.00,69.50,139.00,136.00,0.00,3.00,0.00,3.00,0.00,0.00,17.20,33.10,5.80,80.50,40.30,,,,,,,,,,,,
Guinea-Bissau,2015,0.30,0.00,0.00,0.30,0.00,0.00,0.00,0.00,73.30,146.90,143.90,0.00,3.00,0.00,3.00,0.00,0.00,20.10,36.30,8.40,83.00,41.40,,,,,,,,,,,,
Guinea-Bissau,2016,0.30,0.00,0.00,0.30,0.00,0.00,0.00,0.00,74.50,156.10,153.10,0.00,3.00,0.00,3.00,0.00,0.00,23.00,40.90,9.80,86.00,41.10,,,,,,,,,,,,
Guinea-Bissau,2017,0.30,0.00,0.00,0.30,0.00,0.00,0.00,0.00,76.00,166.60,163.60,0.00,3.00,0.00,3.00,0.00,0.00,26.00,45.60,11.30,89.50,40.80,,,,,,,,,,,,
Guinea-Bissau,2018,1.20,0.00,0.00,1.20,0.00,0.00,0.00,65.10,77.50,178.80,175.70,0.00,3.10,0.00,3.10,0.00,0.00,28.50,50.00,12.10,93.70,40.60,,,,,,,,,,,,
Guinea-Bissau,2019,1.20,0.00,0.00,1.20,0.00,0.00,0.00,67.30,79.20,192.70,189.70,0.00,3.10,0.00,3.10,0.00,0.00,31.00,54.30,12.90,98.70,40.50,,,,,,,,,,,,
Guinea-Bissau,2020,1.20,0.00,0.00,1.20,0.00,0.00,0.00,71.70,81.00,208.90,205.80,0.00,3.10,0.00,3.10,0.00,0.00,NA,NA,NA,104.40,40.50,,,,,,,,,,,,
Guinea,2013,131.60,128.20,0.00,3.40,0.00,0.00,0.00,0.00,1743.00,1182.50,598.50,0.00,584.10,579.80,4.30,0.00,0.00,31.40,77.00,7.30,102.50,151.10,,,,,,,,,,,,
Guinea,2014,131.60,128.20,0.00,3.40,0.00,0.00,0.00,0.00,1743.00,1182.30,521.00,0.00,661.30,654.00,7.30,0.00,0.00,32.70,78.70,8.10,100.10,147.60,,,,,,,,,,,,
Guinea,2015,381.50,368.20,0.00,13.30,0.00,0.00,0.00,0.00,243.20,1239.70,544.20,0.00,695.50,688.10,7.40,0.00,0.00,34.00,80.30,8.90,102.50,20.10,,,,,,,,,,,,
Guinea,2016,381.50,368.20,0.00,13.30,0.00,0.00,0.00,0.00,256.50,1300.90,568.70,0.00,732.20,724.70,7.50,0.00,0.00,33.50,82.20,6.70,104.90,20.70,,,,,,,,,,,,
Guinea,2017,381.50,368.20,0.00,13.30,0.00,0.00,0.00,0.00,270.70,1814.50,594.80,0.00,1219.80,1212.10,7.70,0.00,0.00,35.40,84.20,8.20,142.70,21.30,,,,,,,,,,,,
Guinea,2018,381.60,368.20,0.00,13.40,0.00,0.00,0.00,0.00,285.90,1921.70,732.30,0.00,1189.40,1181.50,7.90,0.00,0.00,44.00,87.00,19.70,147.20,21.90,,,,,,,,,,,,
Guinea,2019,381.60,368.20,0.00,13.40,0.00,0.00,0.00,0.00,302.30,2029.30,767.40,0.00,1261.90,1253.80,8.10,0.00,0.00,42.40,87.70,16.40,151.50,22.60,,,,,,,,,,,,
Guinea,2020,381.60,368.20,0.00,13.40,0.00,0.00,0.00,0.00,320.10,2148.20,805.30,0.00,1342.90,1334.50,8.30,0.00,0.00,NA,NA,NA,156.20,23.30,,,,,,,,,,,,
Kenya,2013,1107.20,821.60,5.70,7.20,67.20,205.50,39.00,87.00,7307.00,8736.50,2726.00,0.00,6010.50,3945.00,41.50,17.00,2007.00,39.90,72.90,29.10,194.90,163.00,,,,,,,,,,,,
Kenya,2014,1278.40,822.40,5.80,16.70,67.30,366.10,40.00,79.00,7688.00,9258.00,1714.00,0.00,7544.00,3310.00,39.00,136.00,4059.00,36.00,68.40,25.10,201.20,167.00,,,,,,,,,,,,
Kenya,2015,1577.30,828.40,26.10,30.80,88.10,603.90,45.00,67.00,7877.40,9651.00,1205.00,0.00,8446.00,3787.00,58.00,122.00,4479.00,41.60,78.10,29.00,204.30,166.80,,,,,,,,,,,,
Kenya,2016,1612.80,828.80,26.10,31.90,88.10,637.90,22.00,184.00,8168.40,9752.90,2020.00,0.00,7732.90,3341.90,64.00,123.00,4204.00,53.10,84.30,42.10,201.30,168.60,,,,,,,,,,,,
Kenya,2017,1635.40,834.10,26.20,39.10,88.10,647.90,42.10,214.60,8453.40,10360.40,2426.40,0.00,7934.00,3462.10,65.30,126.00,4280.60,56.10,84.10,46.00,208.50,170.10,,,,,,,,,,,,
Kenya,2018,2029.70,836.60,336.10,105.10,88.10,663.80,132.90,228.00,8761.20,11708.20,2075.70,0.00,9632.50,3986.40,389.30,129.00,5127.80,61.40,87.60,51.80,229.80,172.00,,,,,,,,,,,,
Kenya,2019,2190.70,836.60,336.10,106.10,88.10,823.80,141.20,243.20,9094.50,11994.80,2118.00,0.00,9876.70,4109.90,404.70,132.00,5230.20,69.70,90.80,61.70,229.70,174.20,,,,,,,,,,,,
Kenya,2020,2190.80,836.60,336.10,106.20,88.10,823.80,155.60,265.20,9456.50,12306.60,2161.20,0.00,10145.40,4239.30,428.10,135.00,5343.00,NA,NA,NA,230.10,176.80,,,,,,,,,,,,
Libya,2013,4.90,0.00,0.00,4.90,0.00,0.00,1.00,64.00,14253.00,37921.80,37913.00,0.00,8.80,0.00,8.80,0.00,0.00,76.70,95.30,7.80,6120.40,2300.40,,,,,,,,,,,,
Libya,2014,4.90,0.00,0.00,4.90,0.00,0.00,0.00,88.00,10890.00,37740.00,37731.00,0.00,9.00,0.00,9.00,0.00,0.00,75.10,93.00,7.70,6083.10,1755.30,,,,,,,,,,,,
Libya,2015,4.90,0.00,0.00,4.90,0.00,0.00,0.00,0.00,11676.00,37511.00,37503.00,0.00,8.00,0.00,8.00,0.00,0.00,73.50,90.70,7.60,6016.20,1872.70,,,,,,,,,,,,
Libya,2016,4.90,0.00,0.00,4.90,0.00,0.00,0.00,376.00,13980.00,36430.00,36422.00,0.00,8.00,0.00,8.00,0.00,0.00,71.90,88.50,7.60,5788.70,2221.40,,,,,,,,,,,,
Libya,2017,5.10,0.00,0.00,5.10,0.00,0.00,0.00,376.10,14562.30,37412.80,37404.50,0.00,8.30,0.00,8.30,0.00,0.00,70.30,86.20,7.50,5869.00,2284.40,,,,,,,,,,,,
Libya,2018,5.10,0.00,0.00,5.10,0.00,0.00,0.00,390.10,15177.90,38443.70,38435.20,0.00,8.50,0.00,8.50,0.00,0.00,67.00,81.80,7.20,5941.00,2345.50,,,,,,,,,,,,
Libya,2019,5.10,0.00,0.00,5.10,0.00,0.00,0.00,412.00,15830.00,39525.10,39516.30,0.00,8.80,0.00,8.80,0.00,0.00,68.50,83.40,7.50,6016.10,2409.50,,,,,,,,,,,,
Libya,2020,5.10,0.00,0.00,5.10,0.00,0.00,0.00,442.30,16522.00,40659.50,40650.30,0.00,9.20,0.00,9.20,0.00,0.00,NA,NA,NA,6103.00,2480.00,,,,,,,,,,,,
Madagascar,2013,167.40,162.00,0.20,5.00,0.20,0.00,0.00,0.00,961.70,2400.20,1542.10,0.00,858.10,857.60,0.00,0.00,0.50,12.90,34.30,1.90,104.50,41.90,,,,,,,,,,,,
Madagascar,2014,170.10,162.70,0.20,7.00,0.20,0.00,0.00,0.00,1007.10,2475.00,1573.00,0.00,902.00,901.00,0.00,0.00,1.00,19.00,51.50,1.90,104.90,42.70,,,,,,,,,,,,
Madagascar,2015,173.10,163.70,0.20,9.00,0.20,0.00,0.00,0.00,1011.10,2650.00,1678.40,0.00,971.60,970.60,0.00,0.00,1.00,20.50,55.60,1.50,109.30,41.70,,,,,,,,,,,,
Madagascar,2016,175.10,163.70,0.20,11.00,0.20,0.00,0.00,0.00,1057.00,2738.40,1690.70,0.00,1047.70,1046.70,0.00,0.00,1.00,22.90,61.20,1.50,110.00,42.50,,,,,,,,,,,,
Madagascar,2017,177.20,163.80,0.20,13.00,0.20,0.00,0.00,0.00,1664.30,2255.40,1444.70,0.00,810.80,783.80,0.00,26.00,1.00,24.10,62.70,1.90,88.20,65.10,,,,,,,,,,,,
Madagascar,2018,197.60,163.80,0.20,33.40,0.20,0.00,0.00,0.00,1318.80,2437.80,1564.00,0.00,873.80,846.40,0.00,26.40,1.00,25.50,65.40,1.90,92.80,50.20,,,,,,,,,,,,
Madagascar,2019,198.40,163.80,0.20,34.20,0.20,0.00,0.00,0.00,1371.70,2637.10,1699.30,0.00,937.90,909.70,0.00,27.10,1.00,26.90,67.90,1.90,97.80,50.90,,,,,,,,,,,,
Madagascar,2020,201.30,163.80,0.20,37.10,0.20,0.00,0.00,0.00,1428.70,2860.10,1853.30,0.00,1006.80,978.60,0.00,28.20,0.00,NA,NA,NA,103.30,51.60,,,,,,,,,,,,
Malawi,2013,304.70,287.30,0.00,5.40,12.00,0.00,0.00,0.00,3368.70,2436.20,43.40,0.00,2392.80,2380.20,12.10,0.00,0.50,9.00,36.60,3.80,147.00,203.20,,,,,,,,,,,,
Malawi,2014,371.00,351.30,0.00,7.70,12.00,0.00,0.00,0.00,3658.80,2639.90,8.00,0.00,2631.90,2618.00,12.90,0.00,1.00,11.90,46.10,5.30,154.70,214.40,,,,,,,,,,,,
Malawi,2015,375.40,351.30,0.00,12.10,12.00,0.00,0.00,0.00,3646.60,2681.10,8.10,0.00,2672.90,2658.80,13.10,0.00,1.00,10.80,48.70,3.40,152.60,207.50,,,,,,,,,,,,
Malawi,2016,375.70,351.60,0.00,12.10,12.00,0.00,0.00,0.00,3823.10,2724.80,8.20,0.00,2716.60,2702.10,13.50,0.00,1.00,11.00,42.00,4.90,150.60,211.30,,,,,,,,,,,,
Malawi,2017,382.80,351.60,0.00,19.20,12.00,0.00,0.10,0.00,3871.50,2771.10,8.40,0.00,2762.80,2747.80,14.00,0.00,1.00,12.70,57.50,3.70,148.80,207.90,,,,,,,,,,,,
Malawi,2018,401.70,367.00,0.00,22.70,12.00,0.00,0.10,0.00,3921.90,2819.90,8.50,0.00,2811.40,2795.80,14.60,0.00,1.00,18.00,50.50,11.40,147.10,204.60,,,,,,,,,,,,
Malawi,2019,408.60,373.90,0.00,22.70,12.00,0.00,0.10,0.00,3974.40,2871.10,8.60,0.00,2862.50,2846.30,15.20,0.00,1.00,11.20,45.50,4.10,145.60,201.60,,,,,,,,,,,,
Malawi,2020,409.90,373.90,0.00,24.00,12.00,0.00,0.10,0.00,4028.80,3400.40,8.70,0.00,3391.70,3374.70,16.00,0.00,1.00,NA,NA,NA,167.60,198.60,,,,,,,,,,,,
Mauritius,2013,151.50,60.70,1.30,2.50,87.00,0.00,0.00,0.00,2660.00,2885.30,2291.30,0.00,593.90,94.80,6.30,492.80,0.00,99.40,99.60,99.30,2298.50,2119.00,,,,,,,,,,,,
Mauritius,2014,167.20,60.70,1.30,18.20,87.00,0.00,0.00,0.00,2710.00,2937.00,2341.00,0.00,596.00,91.00,28.00,477.00,0.00,99.40,99.50,99.30,2336.10,2155.60,,,,,,,,,,,,
Mauritius,2015,177.90,60.70,1.30,18.70,97.20,0.00,0.00,0.00,2814.20,2997.00,2316.00,0.00,681.00,122.00,29.00,530.00,0.00,99.40,99.50,99.40,2379.60,2234.50,,,,,,,,,,,,
Mauritius,2016,195.80,60.70,10.60,27.30,97.20,0.00,0.00,0.00,2826.00,3058.30,2378.00,0.00,680.30,116.30,48.00,516.00,0.00,99.50,99.50,99.50,2423.10,2239.10,,,,,,,,,,,,
Mauritius,2017,197.40,60.70,10.60,28.80,97.20,0.00,0.00,0.00,3032.90,3170.30,2420.50,0.00,749.80,117.50,91.20,541.10,0.00,99.60,99.60,99.60,2505.90,2397.30,,,,,,,,,,,,
Mauritius,2018,236.00,60.70,10.60,67.50,97.20,0.00,0.00,0.00,3259.40,3241.90,2464.50,0.00,777.30,118.70,91.00,567.70,0.00,99.40,99.60,99.30,2556.00,2569.90,,,,,,,,,,,,
Mauritius,2019,252.00,60.70,10.60,83.50,97.20,0.00,0.00,0.00,3503.10,3318.60,2510.20,0.00,808.30,119.90,92.70,595.70,0.00,100.00,100.00,100.00,2610.20,2755.40,,,,,,,,,,,,
Mauritius,2020,252.00,60.70,10.60,83.50,97.20,0.00,0.00,0.00,3772.10,3825.40,2984.00,0.00,841.40,121.10,94.80,625.50,0.00,NA,NA,NA,3002.40,2960.60,,,,,,,,,,,,
Morocco,2013,1836.70,1305.50,495.00,35.20,1.00,0.00,151.00,5551.00,26494.00,26871.30,22663.00,0.00,4208.30,2990.40,1214.90,3.00,0.00,97.20,98.70,95.00,794.40,783.30,,,,,,,,,,,,
Morocco,2014,2143.10,1305.50,797.00,39.60,1.00,0.00,1281.00,7291.00,28806.00,29145.00,25185.00,0.00,3960.00,2033.00,1924.00,3.00,0.00,91.60,95.20,86.10,849.30,839.40,,,,,,,,,,,,
Morocco,2015,2303.30,1305.50,797.00,199.80,1.00,0.00,165.30,5138.30,30055.00,29916.00,25108.00,0.00,4808.00,2281.00,2524.00,3.00,0.00,97.30,99.10,94.50,859.60,863.60,,,,,,,,,,,,
Morocco,2016,2406.60,1305.50,897.00,201.90,2.20,0.00,135.00,5289.00,31066.00,30842.00,25776.00,0.00,5066.00,1662.00,3401.00,3.00,0.00,97.80,99.30,95.40,874.30,880.60,,,,,,,,,,,,
Morocco,2017,2534.90,1305.50,1023.00,203.90,2.50,0.00,577.70,6474.20,32452.70,35246.60,26874.90,0.00,8371.60,1184.70,7183.90,3.00,0.00,100.00,100.00,100.00,986.20,908.00,,,,,,,,,,,,
Morocco,2018,3266.90,1305.50,1225.00,733.90,2.50,0.00,3232.70,6607.10,32586.80,34453.20,27965.80,0.00,6487.40,1693.40,4790.90,3.10,0.00,98.10,99.30,96.10,952.00,900.40,,,,,,,,,,,,
Morocco,2019,3267.10,1305.50,1225.00,734.10,2.50,0.00,3332.10,6824.30,34785.30,35130.80,28550.90,0.00,6579.90,1722.00,4854.80,3.10,0.00,99.60,100.00,98.90,958.90,949.50,,,,,,,,,,,,
Morocco,2020,3447.10,1305.50,1405.00,734.10,2.50,0.00,3859.50,7473.60,37212.80,35841.50,29159.10,0.00,6682.30,1751.00,4928.20,3.20,0.00,NA,NA,NA,966.80,1003.80,,,,,,,,,,,,
Mozambique,2013,2204.70,2185.80,0.00,4.90,14.00,0.00,9057.80,8339.00,10536.00,14861.00,318.20,0.00,14542.80,14541.80,1.00,0.00,0.00,22.40,61.50,2.80,562.20,398.60,,,,,,,,,,,,
Mozambique,2014,2207.40,2186.40,0.00,7.00,14.00,0.00,10199.20,7656.00,11724.00,17739.10,1568.70,0.00,16170.30,16169.10,1.20,0.00,0.00,24.80,68.00,2.70,651.90,430.80,,,,,,,,,,,,
Mozambique,2015,2210.60,2186.60,0.00,10.00,14.00,0.00,12876.00,10547.00,11357.50,19105.40,2706.00,0.00,16399.40,16398.20,1.20,0.00,0.00,24.00,68.00,0.90,682.10,405.50,,,,,,,,,,,,
Mozambique,2016,2213.60,2186.60,0.00,13.00,14.00,0.00,14268.50,9927.50,11384.00,18733.20,3123.00,0.00,15610.20,15609.00,1.20,0.00,0.00,26.30,66.30,4.80,649.80,394.90,,,,,,,,,,,,
Mozambique,2017,2232.60,2203.60,0.00,15.00,14.00,0.00,14028.90,14018.00,14443.90,16992.50,2930.10,0.00,14062.40,14060.80,1.50,0.00,0.00,24.30,60.50,4.40,572.70,486.80,,,,,,,,,,,,
Mozambique,2018,2232.60,2203.60,0.00,15.00,14.00,0.00,14710.80,14150.80,15587.80,17009.70,3108.70,0.00,13901.10,13899.50,1.50,0.00,0.00,31.10,72.20,8.00,557.20,510.60,,,,,,,,,,,,
Mozambique,2019,2272.60,2203.60,0.00,55.00,14.00,0.00,15169.20,14626.90,16869.80,17439.40,3339.00,0.00,14100.40,14098.90,1.60,0.00,0.00,29.60,72.50,4.90,555.20,537.10,,,,,,,,,,,,
Mozambique,2020,2272.60,2203.60,0.00,55.00,14.00,0.00,16894.80,16369.00,18313.50,17932.10,3629.70,0.00,14302.40,14300.90,1.60,0.00,0.00,NA,NA,NA,555.00,566.80,,,,,,,,,,,,
Namibia,2013,345.10,330.00,0.20,14.60,0.30,0.00,89.00,2907.00,3789.00,1291.10,59.00,0.00,1232.10,1227.00,5.10,0.00,0.00,47.40,72.20,27.30,557.40,1635.60,,,,,,,,,,,,
Namibia,2014,346.90,330.00,0.20,16.50,0.30,0.00,84.00,2886.00,3747.00,1505.00,13.00,0.00,1492.00,1485.00,7.00,0.00,0.00,48.70,73.70,27.50,634.80,1580.40,,,,,,,,,,,,
Namibia,2015,351.40,330.00,0.20,21.00,0.30,0.00,88.00,2678.00,3715.30,1543.10,34.00,0.00,1509.10,1502.00,7.10,0.00,0.00,51.60,74.60,31.30,636.20,1531.70,,,,,,,,,,,,
Namibia,2016,383.40,347.00,0.20,36.00,0.30,0.00,99.00,3073.00,3909.00,1492.50,62.00,0.00,1430.50,1395.60,34.90,0.00,0.00,49.70,69.30,31.60,601.90,1576.40,,,,,,,,,,,,
Namibia,2017,427.20,347.00,5.20,74.80,0.30,0.00,94.50,3127.90,4030.90,1517.70,65.40,0.00,1452.30,1415.70,36.60,0.00,0.00,52.50,74.30,31.60,599.00,1590.90,,,,,,,,,,,,
Namibia,2018,445.00,347.00,5.20,92.50,0.30,0.00,95.90,3041.90,4159.60,1543.50,69.00,0.00,1474.60,1436.10,38.50,0.00,0.00,54.00,74.40,33.50,596.50,1607.40,,,,,,,,,,,,
Namibia,2019,497.40,347.00,5.20,145.00,0.30,0.00,98.90,3106.80,4295.80,1570.70,72.80,0.00,1497.90,1456.80,41.10,0.00,0.00,55.20,74.60,35.00,594.50,1626.00,,,,,,,,,,,,
Namibia,2020,501.40,351.00,5.20,145.00,0.30,0.00,100.90,3173.30,4440.10,1595.50,73.20,0.00,1522.30,1477.70,44.60,0.00,0.00,NA,NA,NA,591.70,1646.60,,,,,,,,,,,,
Rwanda,2013,61.90,60.10,0.00,0.90,0.80,0.00,2.70,92.90,373.20,475.30,255.90,0.00,219.40,214.50,3.00,2.00,0.00,15.20,61.50,5.80,43.00,33.70,,,,,,,,,,,,
Rwanda,2014,77.10,66.30,0.00,10.00,0.80,0.00,10.50,93.30,407.70,527.40,308.00,0.00,219.40,214.50,3.00,2.00,0.00,19.80,71.80,9.20,46.50,35.90,,,,,,,,,,,,
Rwanda,2015,109.10,94.30,0.00,14.00,0.80,0.00,3.50,93.60,411.80,533.40,311.40,0.00,221.90,216.80,3.10,2.00,0.00,22.80,72.90,12.50,45.90,35.40,,,,,,,,,,,,
Rwanda,2016,118.30,98.30,0.00,19.20,0.80,0.00,0.00,98.20,423.90,539.80,315.30,0.00,224.50,219.30,3.10,2.00,0.00,29.40,80.00,19.00,45.30,35.60,,,,,,,,,,,,
Rwanda,2017,126.80,98.80,0.00,27.30,0.80,0.00,0.00,107.10,437.40,546.80,319.60,0.00,227.20,222.00,3.20,2.00,0.00,34.10,84.80,23.60,44.80,35.80,,,,,,,,,,,,
Rwanda,2018,130.60,98.80,0.00,31.00,0.80,0.00,0.00,116.80,452.40,554.40,324.20,0.00,230.10,224.80,3.20,2.10,0.00,34.70,88.60,23.50,44.30,36.20,,,,,,,,,,,,
Rwanda,2019,141.40,109.60,0.00,31.00,0.80,0.00,0.00,127.60,469.00,562.40,329.30,0.00,233.20,227.80,3.20,2.10,0.00,37.80,93.10,26.20,44.00,36.70,,,,,,,,,,,,
Rwanda,2020,141.40,109.60,0.00,31.00,0.80,0.00,0.00,139.50,487.50,571.10,334.70,0.00,236.40,231.00,3.30,2.10,0.00,NA,NA,NA,43.60,37.20,,,,,,,,,,,,
Sao Tome and Principe,2013,2.40,2.30,0.00,0.10,0.00,0.00,0.00,0.00,21.80,28.50,17.90,0.00,10.60,10.50,0.10,0.00,0.00,64.80,71.70,50.10,152.10,116.80,,,,,,,,,,,,
Sao Tome and Principe,2014,2.40,2.30,0.00,0.10,0.00,0.00,0.00,0.00,22.30,29.10,18.00,0.00,11.10,11.00,0.10,0.00,0.00,68.60,75.80,52.40,152.40,116.70,,,,,,,,,,,,
Sao Tome and Principe,2015,2.40,2.30,0.00,0.10,0.00,0.00,0.00,0.00,12.50,29.60,18.30,0.00,11.20,11.10,0.10,0.00,0.00,67.30,73.00,53.70,151.20,63.80,,,,,,,,,,,,
Sao Tome and Principe,2016,2.50,2.30,0.00,0.20,0.00,0.00,0.00,0.00,13.20,30.70,18.70,0.00,12.10,11.90,0.10,0.00,0.00,69.40,73.70,58.90,153.80,66.30,,,,,,,,,,,,
Sao Tome and Principe,2017,2.60,2.30,0.00,0.30,0.00,0.00,0.00,0.00,16.50,94.80,81.80,0.00,13.00,12.80,0.10,0.00,0.00,74.30,73.50,76.20,464.10,80.90,,,,,,,,,,,,
Sao Tome and Principe,2018,2.70,2.30,0.00,0.30,0.00,0.00,0.00,0.00,17.70,96.70,83.70,0.00,13.00,12.80,0.10,0.00,0.00,71.00,76.70,55.70,462.90,84.50,,,,,,,,,,,,
Sao Tome and Principe,2019,2.70,2.30,0.00,0.30,0.00,0.00,0.00,0.00,18.90,99.90,85.80,0.00,14.10,13.90,0.10,0.00,0.00,75.20,77.60,68.50,468.00,88.60,,,,,,,,,,,,
Sao Tome and Principe,2020,2.70,2.30,0.00,0.30,0.00,0.00,0.00,0.00,20.30,103.50,88.30,0.00,15.20,15.10,0.10,0.00,0.00,NA,NA,NA,474.80,93.10,,,,,,,,,,,,
Senegal,2013,32.00,0.00,0.00,7.00,25.00,0.00,0.00,0.00,2929.00,3497.10,3126.00,0.00,371.10,308.50,3.60,59.00,0.00,57.00,87.80,31.80,247.70,207.40,,,,,,,,,,,,
Senegal,2014,35.00,0.00,0.00,10.00,25.00,0.00,0.00,0.00,3205.00,3662.00,3273.00,0.00,389.00,323.00,4.00,62.00,0.00,61.00,85.00,41.00,251.80,220.30,,,,,,,,,,,,
Senegal,2015,36.00,0.00,0.00,11.00,25.00,0.00,0.00,0.00,3405.30,4125.00,3706.00,0.00,419.00,342.00,4.00,73.00,0.00,60.50,86.90,38.10,275.40,227.40,,,,,,,,,,,,
Senegal,2016,68.00,0.00,0.00,43.00,25.00,0.00,0.00,0.00,3734.00,4398.90,3981.00,0.00,417.90,348.90,6.00,63.00,0.00,64.50,87.70,44.50,285.40,242.30,,,,,,,,,,,,
Senegal,2017,138.00,0.00,0.00,113.00,25.00,0.00,0.00,0.00,3957.30,4505.30,4075.90,0.00,429.40,356.90,6.20,66.30,0.00,61.70,91.70,35.40,284.20,249.70,,,,,,,,,,,,
Senegal,2018,180.00,0.00,0.00,155.00,25.00,0.00,0.00,0.00,4983.10,4905.00,4243.30,0.00,661.70,320.90,252.20,88.60,0.00,66.00,93.50,41.40,301.00,305.80,,,,,,,,,,,,
Senegal,2019,230.00,0.00,50.00,155.00,25.00,0.00,0.00,0.00,5270.90,5030.70,4352.40,0.00,678.30,328.70,256.20,93.40,0.00,70.40,95.20,47.80,300.40,314.80,,,,,,,,,,,,
Senegal,2020,230.00,NA,50.00,155.00,25.00,0.00,0.00,0.00,5598.00,5162.20,4468.20,0.00,694.10,336.80,263.40,93.90,0.00,NA,NA,NA,300.10,325.50,,,,,,,,,,,,
Seychelles,2013,6.30,0.00,6.00,0.30,0.00,0.00,0.00,0.00,304.00,409.40,408.00,0.00,1.40,0.00,1.40,0.00,0.00,98.00,99.50,96.20,4413.80,3277.20,,,,,,,,,,,,
Seychelles,2014,7.00,0.00,6.00,1.00,0.00,0.00,0.00,0.00,311.50,430.00,412.00,0.00,18.00,0.00,4.00,14.00,0.00,100.00,100.00,100.00,4611.10,3340.20,,,,,,,,,,,,
Seychelles,2015,7.40,0.00,6.00,1.40,0.00,0.00,0.00,0.00,482.70,441.40,423.30,0.00,18.10,0.00,4.00,14.10,0.00,100.00,100.00,100.00,4709.20,5148.90,,,,,,,,,,,,
Seychelles,2016,7.90,0.00,6.00,1.90,0.00,0.00,0.00,0.00,501.60,453.70,435.30,0.00,18.40,0.00,4.00,14.40,0.00,100.00,100.00,100.00,4815.20,5323.20,,,,,,,,,,,,
Seychelles,2017,8.60,0.00,6.00,2.60,0.00,0.00,0.00,0.00,524.40,466.90,448.00,0.00,18.80,0.00,4.10,14.70,0.00,100.00,100.00,100.00,4927.90,5534.90,,,,,,,,,,,,
Seychelles,2018,9.70,0.00,6.00,3.70,0.00,0.00,0.00,0.00,551.40,483.60,461.50,0.00,22.10,0.00,6.90,15.20,0.00,100.00,100.00,100.00,5078.20,5790.40,,,,,,,,,,,,
Seychelles,2019,9.70,0.00,6.00,3.70,0.00,0.00,0.00,0.00,583.60,498.60,475.80,0.00,22.80,0.00,7.00,15.80,0.00,100.00,100.00,100.00,5209.70,6097.60,,,,,,,,,,,,
Seychelles,2020,9.80,0.00,6.00,3.80,0.00,0.00,0.00,0.00,621.60,514.50,490.90,0.00,23.60,0.00,7.10,16.50,0.00,NA,NA,NA,5353.30,6467.50,,,,,,,,,,,,
Sierra Leone,2013,54.60,54.30,0.00,0.40,0.00,0.00,0.00,0.00,78.70,150.00,45.00,0.00,105.00,105.00,0.00,0.00,0.00,13.50,32.30,1.00,21.70,11.40,,,,,,,,,,,,
Sierra Leone,2014,90.40,56.30,0.00,0.40,33.80,0.00,0.00,0.00,113.80,320.20,142.00,0.00,178.20,178.20,0.00,0.00,0.00,18.60,43.90,1.50,45.20,16.10,,,,,,,,,,,,
Sierra Leone,2015,90.50,56.30,0.00,0.40,33.80,0.00,0.00,0.00,129.60,340.80,152.20,0.00,188.70,188.70,0.00,0.00,0.00,19.50,45.40,1.70,47.10,17.90,,,,,,,,,,,,
Sierra Leone,2016,90.50,56.30,0.00,0.50,33.80,0.00,0.00,0.00,133.00,366.60,163.80,0.00,202.70,202.70,0.00,0.00,0.00,20.30,46.90,1.60,49.60,18.00,,,,,,,,,,,,
Sierra Leone,2017,98.50,60.90,0.00,3.80,33.80,0.00,0.00,0.00,136.70,396.70,177.30,0.00,219.40,219.40,0.00,0.00,0.00,23.40,48.70,5.40,52.50,18.10,,,,,,,,,,,,
Sierra Leone,2018,99.10,60.90,0.00,4.40,33.80,0.00,0.00,0.00,142.30,431.80,192.70,0.00,239.10,239.10,0.00,0.00,0.00,26.10,53.20,6.40,55.90,18.40,,,,,,,,,,,,
Sierra Leone,2019,99.10,60.90,0.00,4.40,33.80,0.00,0.00,0.00,146.60,452.00,210.60,0.00,241.40,241.40,0.00,0.00,0.00,22.70,51.40,1.50,57.30,18.60,,,,,,,,,,,,
Sierra Leone,2020,99.10,60.90,0.00,4.40,33.80,0.00,0.00,0.00,151.10,475.30,231.30,0.00,244.00,244.00,0.00,0.00,0.00,NA,NA,NA,59.10,18.80,,,,,,,,,,,,
Somalia,2013,2.20,0.00,2.20,0.00,0.00,0.00,0.00,0.00,181.00,351.00,351.00,0.00,0.00,0.00,0.00,0.00,0.00,25.80,51.60,7.00,26.70,13.80,,,,,,,,,,,,
Somalia,2014,2.30,0.00,2.20,0.10,0.00,0.00,0.00,0.00,191.50,372.00,372.00,0.00,0.00,0.00,0.00,0.00,0.00,27.50,54.00,7.70,27.50,14.20,,,,,,,,,,,,
Somalia,2015,3.00,0.00,2.80,0.20,0.00,0.00,0.00,0.00,196.90,382.90,382.90,0.00,0.00,0.00,0.00,0.00,0.00,29.20,56.40,8.50,27.50,14.20,,,,,,,,,,,,
Somalia,2016,7.50,0.00,2.80,4.70,0.00,0.00,0.00,0.00,209.30,394.30,394.30,0.00,0.00,0.00,0.00,0.00,0.00,30.90,58.70,9.20,27.50,14.60,,,,,,,,,,,,
Somalia,2017,10.40,0.00,3.50,6.90,0.00,0.00,0.00,0.00,222.80,406.30,406.30,0.00,0.00,0.00,0.00,0.00,0.00,32.60,61.10,9.90,27.60,15.10,,,,,,,,,,,,
Somalia,2018,10.60,0.00,3.50,7.10,0.00,0.00,0.00,0.00,237.70,418.90,418.90,0.00,0.00,0.00,0.00,0.00,0.00,34.30,63.40,10.50,27.60,15.70,,,,,,,,,,,,
Somalia,2019,10.60,0.00,3.50,7.10,0.00,0.00,0.00,0.00,254.20,432.10,432.10,0.00,0.00,0.00,0.00,0.00,0.00,36.00,65.80,11.10,27.60,16.30,,,,,,,,,,,,
Somalia,2020,26.10,0.00,3.50,22.50,0.00,0.00,0.00,0.00,272.60,446.00,446.00,0.00,0.00,0.00,0.00,0.00,0.00,NA,NA,NA,27.70,16.90,,,,,,,,,,,,
South Africa,2013,1499.70,735.20,257.00,261.60,246.00,0.00,13929.00,9428.00,199308.00,255934.70,237349.00,14106.00,4479.70,4040.00,141.70,298.00,0.00,85.20,87.10,81.90,4760.00,3706.90,,,,,,,,,,,,
South Africa,2014,2710.10,732.30,569.00,1162.90,246.00,0.00,13836.00,11177.00,198905.00,252576.00,232451.00,13794.00,6331.00,4082.00,1946.00,303.00,0.00,86.00,87.20,83.80,4631.10,3647.00,,,,,,,,,,,,
South Africa,2015,3428.70,747.40,1079.00,1351.70,250.70,0.00,14609.00,13059.00,208913.70,249655.00,228566.00,12237.00,8852.00,3720.00,4873.00,259.00,0.00,85.30,87.30,81.50,4515.30,3778.40,,,,,,,,,,,,
South Africa,2016,4650.10,747.40,1473.00,2174.00,255.70,0.00,16549.00,10555.00,192818.00,252747.00,226667.00,15026.00,11054.00,3994.00,6800.00,260.00,0.00,84.20,87.50,78.00,4512.10,3442.20,,,,,,,,,,,,
South Africa,2017,6547.80,747.40,2094.00,3446.70,259.70,0.00,15052.30,9197.30,196565.10,260729.10,231630.00,15216.80,13882.40,5183.90,8401.40,297.00,0.00,84.40,87.60,78.20,4597.00,3465.70,,,,,,,,,,,,
South Africa,2018,7907.00,747.40,2094.00,4800.90,264.70,0.00,15381.10,8673.10,198416.20,266256.30,236718.00,15410.00,14128.30,5381.60,8445.40,301.30,0.00,84.70,87.70,78.70,4638.70,3456.80,,,,,,,,,,,,
South Africa,2019,8011.10,747.40,2094.00,4905.00,264.70,0.00,15710.20,9185.70,202299.20,272102.20,241939.00,15609.80,14553.40,5640.50,8603.10,309.80,0.00,85.00,87.90,79.20,4686.20,3484.00,,,,,,,,,,,,
South Africa,2020,9638.70,747.40,2636.00,5989.60,265.70,0.00,15770.60,9437.10,207863.80,278140.80,247301.00,15814.40,15025.40,5914.20,8792.80,318.50,0.00,NA,NA,NA,4736.60,3539.80,,,,,,,,,,,,
South Sudan,2013,0.20,0.00,0.00,0.20,0.00,0.00,0.00,0.00,415.00,470.10,470.00,0.00,0.10,0.00,0.10,0.00,0.00,3.60,1.90,4.00,42.10,37.10,,,,,,,,,,,,
South Sudan,2014,0.20,0.00,0.00,0.20,0.00,0.00,0.00,0.00,429.00,488.00,486.00,0.00,2.00,0.00,2.00,0.00,0.00,4.10,2.50,4.50,42.30,37.20,,,,,,,,,,,,
South Sudan,2015,0.20,0.00,0.00,0.20,0.00,0.00,0.00,0.00,442.20,578.00,576.00,0.00,2.00,0.00,2.00,0.00,0.00,4.60,3.00,5.00,48.60,37.20,,,,,,,,,,,,
South Sudan,2016,0.40,0.00,0.00,0.40,0.00,0.00,0.00,0.00,402.00,439.00,437.00,0.00,2.00,0.00,2.00,0.00,0.00,5.10,3.60,5.50,35.90,32.90,,,,,,,,,,,,
South Sudan,2017,0.40,0.00,0.00,0.40,0.00,0.00,0.00,0.00,498.30,542.10,539.10,0.00,3.00,0.00,3.00,0.00,0.00,4.20,2.90,4.50,43.10,39.60,,,,,,,,,,,,
South Sudan,2018,0.60,0.00,0.00,0.60,0.00,0.00,0.00,0.00,517.00,547.90,538.10,0.00,9.70,0.00,9.70,0.00,0.00,6.20,4.70,6.60,42.40,40.00,,,,,,,,,,,,
South Sudan,2019,0.60,0.00,0.00,0.60,0.00,0.00,0.00,0.00,540.80,557.60,547.70,0.00,9.80,0.00,9.80,0.00,0.00,6.70,5.10,7.10,42.00,40.80,,,,,,,,,,,,
South Sudan,2020,0.60,0.00,0.00,0.60,0.00,0.00,0.00,0.00,570.10,568.50,558.50,0.00,10.00,0.00,10.00,0.00,0.00,NA,NA,NA,41.80,41.90,,,,,,,,,,,,
Sudan,2013,1800.20,1593.20,0.00,8.00,199.00,0.00,0.00,0.00,7895.00,10289.80,1969.00,0.00,8320.80,8315.00,5.80,0.00,0.00,43.30,75.70,27.00,279.20,214.20,,,,,,,,,,,,
Sudan,2014,1800.20,1593.20,0.00,8.00,199.00,0.00,0.00,0.00,9710.00,11381.00,2463.00,0.00,8918.00,8913.00,5.00,0.00,0.00,44.90,76.30,28.90,301.60,257.30,,,,,,,,,,,,
Sudan,2015,1803.30,1593.20,0.00,11.10,199.00,0.00,0.00,0.00,9759.90,13052.20,4627.00,0.00,8425.20,8420.00,5.20,0.00,0.00,46.90,77.40,31.30,337.70,252.50,,,,,,,,,,,,
Sudan,2016,1804.50,1593.20,0.00,12.30,199.00,0.00,0.00,0.00,12514.00,14408.10,6378.00,0.00,8030.10,8024.70,5.40,0.00,0.00,48.80,78.50,33.40,364.00,316.20,,,,,,,,,,,,
Sudan,2017,1964.60,1753.00,0.00,12.60,199.00,0.00,0.00,0.00,12008.30,15911.10,6558.60,0.00,9352.50,9347.10,5.40,0.00,0.00,50.70,79.70,35.50,392.50,296.30,,,,,,,,,,,,
Sudan,2018,2118.90,1907.00,0.00,12.90,199.00,0.00,0.00,0.00,13701.30,16113.70,6758.00,0.00,9355.70,9350.70,5.00,0.00,0.00,52.30,80.60,37.30,388.20,330.10,,,,,,,,,,,,
Sudan,2019,2124.90,1907.00,0.00,18.90,199.00,0.00,0.00,0.00,14219.50,16769.90,6976.60,0.00,9793.30,9788.20,5.10,0.00,0.00,53.80,81.40,39.00,394.50,334.50,,,,,,,,,,,,
Sudan,2020,2124.90,1907.00,0.00,18.90,199.00,0.00,0.00,0.00,14621.00,17491.70,7215.30,0.00,10276.40,10271.20,5.30,0.00,0.00,NA,NA,NA,401.70,335.80,,,,,,,,,,,,
Swaziland,2013,185.90,62.10,0.00,0.80,123.00,0.00,0.00,821.90,165.30,639.50,123.70,0.00,515.80,239.80,0.00,276.00,0.00,57.50,76.70,51.70,503.00,130.00,,,,,,,,,,,,
Swaziland,2014,168.90,62.10,0.00,0.80,106.00,0.00,0.00,476.20,125.30,847.00,315.00,0.00,532.00,212.00,0.00,320.00,0.00,65.00,84.00,59.30,654.00,96.70,,,,,,,,,,,,
Swaziland,2015,168.90,62.10,0.00,0.80,106.00,0.00,0.00,511.60,207.90,885.90,322.40,0.00,563.50,216.30,0.00,347.20,0.00,64.10,80.70,59.10,671.70,157.60,,,,,,,,,,,,
Swaziland,2016,169.00,62.10,0.00,0.90,106.00,0.00,0.00,548.90,216.00,904.00,330.90,0.00,573.10,220.60,0.00,352.50,0.00,63.40,81.00,58.10,673.00,160.80,,,,,,,,,,,,
Swaziland,2017,169.00,62.10,0.00,0.90,106.00,0.00,0.00,588.30,224.90,923.00,339.70,0.00,583.30,225.10,0.00,358.20,0.00,73.50,85.90,69.70,675.10,164.50,,,,,,,,,,,,
Swaziland,2018,169.00,62.10,0.00,0.90,106.00,0.00,0.00,1094.80,1133.20,840.80,348.80,0.00,492.00,207.80,0.20,284.00,0.00,74.10,88.30,69.70,604.30,814.40,,,,,,,,,,,,
Swaziland,2019,169.00,62.10,0.00,0.90,106.00,0.00,0.00,1174.90,1190.90,859.70,358.40,0.00,501.40,212.00,0.20,289.10,0.00,77.20,90.60,72.90,607.40,841.40,,,,,,,,,,,,
Swaziland,2020,169.00,62.10,0.00,0.90,106.00,0.00,0.00,1263.40,1269.10,879.40,368.30,0.00,511.10,216.40,0.20,294.40,0.00,NA,NA,NA,611.00,881.70,,,,,,,,,,,,
Togo,2013,67.00,66.60,0.00,0.40,0.00,0.00,0.00,1008.00,1072.00,93.00,17.00,0.00,76.00,71.00,0.00,5.00,0.00,40.80,78.10,16.90,13.20,152.20,,,,,,,,,,,,
Togo,2014,67.30,66.60,0.00,0.70,0.00,0.00,0.00,1056.00,1150.00,145.00,20.00,0.00,125.00,120.00,0.00,5.00,0.00,45.70,83.20,21.10,20.10,159.10,,,,,,,,,,,,
Togo,2015,68.10,66.60,0.00,1.50,0.00,0.00,0.00,1240.00,1244.00,81.10,20.00,0.00,61.10,56.00,0.00,5.10,0.00,44.70,82.00,19.80,10.90,167.70,,,,,,,,,,,,
Togo,2016,68.40,66.60,0.00,1.80,0.00,0.00,0.00,1140.00,1248.00,260.90,23.00,0.00,237.90,232.60,0.00,5.30,0.00,46.80,84.50,21.10,34.30,164.10,,,,,,,,,,,,
Togo,2017,68.80,66.60,0.00,2.20,0.00,0.00,0.00,846.00,1802.00,702.50,594.10,0.00,108.40,103.00,0.00,5.40,0.00,48.00,88.80,19.50,90.10,231.10,,,,,,,,,,,,
Togo,2018,69.60,66.60,0.00,3.00,0.00,0.00,0.00,963.20,1239.10,505.30,386.70,0.00,118.60,113.00,0.00,5.60,0.00,50.00,83.10,26.30,63.20,155.10,,,,,,,,,,,,
Togo,2019,69.60,66.60,0.00,3.00,0.00,0.00,0.00,1033.30,1276.50,520.70,390.80,0.00,129.90,124.10,0.00,5.80,0.00,52.40,91.80,23.60,63.60,155.90,,,,,,,,,,,,
Togo,2020,69.70,66.60,0.00,3.10,0.00,0.00,0.00,1110.10,1316.50,537.70,395.40,0.00,142.30,136.50,0.00,5.80,0.00,NA,NA,NA,64.10,157.00,,,,,,,,,,,,
Tunisia,2013,271.50,62.00,200.00,9.50,0.00,0.00,233.80,177.00,14728.00,18369.10,17943.80,0.00,425.30,60.10,365.20,0.00,0.00,99.70,99.90,99.20,1667.70,1337.10,,,,,,,,,,,,
Tunisia,2014,312.10,62.00,233.00,17.10,0.00,0.00,625.00,536.00,15190.00,19015.20,18458.20,0.00,557.00,56.00,501.00,0.00,0.00,99.80,100.00,99.40,1706.30,1363.10,,,,,,,,,,,,
Tunisia,2015,333.50,62.00,244.00,27.50,0.00,0.00,499.90,402.90,15571.70,19474.90,18904.00,0.00,570.90,60.90,489.00,21.00,0.00,99.90,99.90,99.90,1727.50,1381.20,,,,,,,,,,,,
Tunisia,2016,347.00,62.00,244.00,41.00,0.00,0.00,500.00,379.00,15569.30,19626.20,19002.00,0.00,624.20,66.20,537.00,21.00,0.00,100.00,100.00,100.00,1721.10,1365.30,,,,,,,,,,,,
Tunisia,2017,356.80,62.00,244.00,50.80,0.00,0.00,517.70,483.70,16113.00,20610.70,19989.90,0.00,620.70,17.50,581.80,21.50,0.00,100.00,100.00,100.00,1787.20,1397.20,,,,,,,,,,,,
Tunisia,2018,369.70,62.00,244.00,63.70,0.00,0.00,516.70,482.80,16226.70,20379.00,19757.50,0.00,621.50,17.50,581.80,22.30,0.00,99.80,99.90,99.60,1747.90,1391.80,,,,,,,,,,,,
Tunisia,2019,386.00,62.00,244.00,80.00,0.00,0.00,522.10,489.00,16927.20,20694.00,20058.40,0.00,635.60,18.80,593.50,23.30,0.00,100.00,100.00,100.00,1756.20,1436.60,,,,,,,,,,,,
Tunisia,2020,400.90,62.00,244.00,94.90,0.00,0.00,529.60,497.30,17672.60,23812.70,23161.30,0.00,651.40,20.20,606.60,24.60,0.00,NA,NA,NA,2000.50,1484.70,,,,,,,,,,,,
Uganda,2013,746.00,691.50,0.00,18.50,36.00,0.00,103.50,0.00,787.50,3202.70,613.20,0.00,2589.50,2393.20,21.00,175.20,0.00,13.90,55.50,2.90,85.30,21.00,,,,,,,,,,,,
Uganda,2014,769.00,695.00,0.00,20.00,54.00,0.00,103.20,0.00,787.30,3207.00,613.00,0.00,2594.00,2393.00,26.00,175.00,0.00,20.40,51.40,11.90,82.60,20.30,,,,,,,,,,,,
Uganda,2015,781.50,695.00,0.00,22.00,64.50,0.00,99.80,0.00,808.00,3282.90,634.90,0.00,2648.00,2433.10,27.50,187.50,0.00,18.50,51.90,9.00,81.80,20.10,,,,,,,,,,,,
Uganda,2016,783.50,695.00,0.00,24.00,64.50,0.00,136.80,40.70,833.80,3365.20,658.60,0.00,2706.60,2475.00,29.40,202.20,0.00,26.70,57.50,17.70,81.10,20.10,,,,,,,,,,,,
Uganda,2017,830.80,708.40,0.00,46.00,76.40,0.00,298.20,8.40,2814.50,3855.50,242.00,0.00,3613.50,3440.70,23.00,149.80,0.00,32.70,63.20,23.50,90.00,65.70,,,,,,,,,,,,
Uganda,2018,852.60,728.20,0.00,48.00,76.40,0.00,204.40,10.30,3068.60,4234.60,207.30,0.00,4027.30,3643.00,32.60,351.60,0.00,42.70,70.10,34.20,95.70,69.30,,,,,,,,,,,,
Uganda,2019,1147.30,988.70,0.00,82.20,76.40,0.00,189.60,7.40,3194.40,4317.50,215.10,0.00,4102.40,3714.20,33.00,355.30,0.00,41.30,70.80,31.80,94.50,69.90,,,,,,,,,,,,
Uganda,2020,1154.10,995.20,0.00,82.50,76.40,0.00,178.50,8.70,3352.60,4405.70,222.90,0.00,4182.80,3790.00,33.40,359.40,0.00,NA,NA,NA,93.40,71.00,,,,,,,,,,,,
United Republic of Tanzania,2013,640.70,570.60,0.00,3.70,66.40,0.00,0.00,59.00,4836.00,5931.10,4188.00,0.00,1743.10,1717.00,5.10,21.00,0.00,16.40,50.30,1.70,117.10,95.50,,,,,,,,,,,,
United Republic of Tanzania,2014,651.90,570.60,0.00,11.20,70.20,0.00,0.00,59.00,4976.00,6208.00,3589.00,0.00,2619.00,2590.00,7.00,22.00,0.00,23.50,53.60,10.00,118.80,95.30,,,,,,,,,,,,
United Republic of Tanzania,2015,659.40,576.40,0.00,12.80,70.20,0.00,0.00,71.00,5194.70,6394.00,4244.00,0.00,2150.00,2108.00,21.00,21.00,0.00,26.30,58.70,11.40,118.70,96.40,,,,,,,,,,,,
United Republic of Tanzania,2016,665.10,576.40,0.00,18.50,70.20,0.00,0.00,102.00,5526.00,6959.70,4586.00,0.00,2373.70,2326.00,25.00,22.70,0.00,32.80,65.30,17.30,125.20,99.40,,,,,,,,,,,,
United Republic of Tanzania,2017,675.40,583.10,0.00,22.10,70.20,0.00,0.00,110.20,5800.50,7114.10,4684.60,0.00,2429.50,2378.40,26.50,24.60,0.00,32.40,65.80,16.00,124.10,101.20,,,,,,,,,,,,
United Republic of Tanzania,2018,678.90,583.10,0.00,25.60,70.20,0.00,0.00,119.30,5806.80,7876.90,5392.00,0.00,2485.00,2432.10,28.00,24.90,0.00,35.20,69.10,18.00,133.30,98.30,,,,,,,,,,,,
United Republic of Tanzania,2019,679.00,583.10,0.00,25.70,70.20,0.00,0.00,129.30,6119.30,8066.70,5524.30,0.00,2542.40,2487.20,30.00,25.10,0.00,37.70,73.20,19.00,132.40,100.50,,,,,,,,,,,,
United Republic of Tanzania,2020,679.20,583.10,0.00,25.90,70.20,0.00,0.00,140.50,6468.20,8270.20,5668.40,0.00,2601.80,2543.90,32.50,25.40,0.00,NA,NA,NA,131.70,103.00,,,,,,,,,,,,
Zimbabwe,2013,860.30,758.30,0.00,2.00,100.00,0.00,1187.30,1726.00,8285.00,9581.50,4408.00,0.00,5173.50,4996.00,4.50,173.00,0.00,38.30,85.30,15.60,636.50,550.30,,,,,,,,,,,,
Zimbabwe,2014,861.10,758.40,0.00,2.70,100.00,0.00,1226.00,1127.00,8238.00,10031.00,4451.00,0.00,5580.00,5431.00,5.00,144.00,0.00,32.30,83.40,7.70,650.90,534.50,,,,,,,,,,,,
Zimbabwe,2015,877.70,773.40,0.00,4.30,100.00,0.00,1243.00,1143.00,7541.00,9714.10,4590.00,0.00,5124.10,4990.00,5.10,129.00,0.00,33.70,81.20,10.90,615.70,478.00,,,,,,,,,,,,
Zimbabwe,2016,882.30,777.20,0.00,5.10,100.00,0.00,369.00,2220.00,7446.60,7096.90,3947.00,0.00,3149.90,3023.80,5.10,121.00,0.00,39.70,85.30,17.90,439.40,461.10,,,,,,,,,,,,
Zimbabwe,2017,887.30,781.10,0.00,6.30,100.00,0.00,740.50,2635.40,7649.80,7409.90,4101.30,0.00,3308.60,3171.60,5.20,131.80,0.00,40.10,85.40,18.60,448.30,462.80,,,,,,,,,,,,
Zimbabwe,2018,1191.70,1081.10,0.00,10.60,100.00,0.00,1709.30,2767.60,8503.00,7734.90,4262.10,0.00,3472.70,3323.60,5.30,143.80,0.00,40.60,85.40,19.40,457.30,502.70,,,,,,,,,,,,
Zimbabwe,2019,1192.10,1081.10,0.00,11.10,100.00,0.00,1847.30,2929.70,8777.70,8073.10,4430.00,0.00,3643.10,3480.40,5.40,157.30,0.00,41.10,85.40,20.10,466.70,507.50,,,,,,,,,,,,
Zimbabwe,2020,1198.00,1081.10,0.00,17.00,100.00,0.00,2097.10,3203.50,9063.10,8412.30,4605.60,0.00,3806.70,3642.30,5.60,158.80,0.00,NA,NA,NA,475.80,512.60,,,,,,,,,,,,
,,,,,,,,,,,,,,,,,,,,,,,,,,,,,,,,,,,
,,,,,,,,,,,,,,,,,,,,,,,,,,,,,,,,,,,
,,,,,,,,,,,,,,,,,,,,,,,,,,,,,,,,,,,
,,,,,,,,,,,,,,,,,,,,,,,,,,,,,,,,,,,
,,,,,,,,,,,,,,,,,,,,,,,,,,,,,,,,,,,
,,,,,,,,,,,,,,,,,,,,,,,,,,,,,,,,,,,
,,,,,,,,,,,,,,,,,,,,,,,,,,,,,,,,,,,
,,,,,,,,,,,,,,,,,,,,,,,,,,,,,,,,,,,
,,,,,,,,,,,,,,,,,,,,,,,,,,,,,,,,,,,
,,,,,,,,,,,,,,,,,,,,,,,,,,,,,,,,,,,
,,,,,,,,,,,,,,,,,,,,,,,,,,,,,,,,,,,
,,,,,,,,,,,,,,,,,,,,,,,,,,,,,,,,,,,
,,,,,,,,,,,,,,,,,,,,,,,,,,,,,,,,,,,
,,,,,,,,,,,,,,,,,,,,,,,,,,,,,,,,,,,
,,,,,,,,,,,,,,,,,,,,,,,,,,,,,,,,,,,
,,,,,,,,,,,,,,,,,,,,,,,,,,,,,,,,,,,
,,,,,,,,,,,,,,,,,,,,,,,,,,,,,,,,,,,
,,,,,,,,,,,,,,,,,,,,,,,,,,,,,,,,,,,
,,,,,,,,,,,,,,,,,,,,,,,,,,,,,,,,,,,
,,,,,,,,,,,,,,,,,,,,,,,,,,,,,,,,,,,
,,,,,,,,,,,,,,,,,,,,,,,,,,,,,,,,,,,
,,,,,,,,,,,,,,,,,,,,,,,,,,,,,,,,,,,
,,,,,,,,,,,,,,,,,,,,,,,,,,,,,,,,,,,
,,,,,,,,,,,,,,,,,,,,,,,,,,,,,,,,,,,
,,,,,,,,,,,,,,,,,,,,,,,,,,,,,,,,,,,
,,,,,,,,,,,,,,,,,,,,,,,,,,,,,,,,,,,
,,,,,,,,,,,,,,,,,,,,,,,,,,,,,,,,,,,
,,,,,,,,,,,,,,,,,,,,,,,,,,,,,,,,,,,
,,,,,,,,,,,,,,,,,,,,,,,,,,,,,,,,,,,
,,,,,,,,,,,,,,,,,,,,,,,,,,,,,,,,,,,
,,,,,,,,,,,,,,,,,,,,,,,,,,,,,,,,,,,
,,,,,,,,,,,,,,,,,,,,,,,,,,,,,,,,,,,
,,,,,,,,,,,,,,,,,,,,,,,,,,,,,,,,,,,
,,,,,,,,,,,,,,,,,,,,,,,,,,,,,,,,,,,
,,,,,,,,,,,,,,,,,,,,,,,,,,,,,,,,,,,
,,,,,,,,,,,,,,,,,,,,,,,,,,,,,,,,,,,
,,,,,,,,,,,,,,,,,,,,,,,,,,,,,,,,,,,
,,,,,,,,,,,,,,,,,,,,,,,,,,,,,,,,,,,
,,,,,,,,,,,,,,,,,,,,,,,,,,,,,,,,,,,
,,,,,,,,,,,,,,,,,,,,,,,,,,,,,,,,,,,
,,,,,,,,,,,,,,,,,,,,,,,,,,,,,,,,,,,
,,,,,,,,,,,,,,,,,,,,,,,,,,,,,,,,,,,
,,,,,,,,,,,,,,,,,,,,,,,,,,,,,,,,,,,
,,,,,,,,,,,,,,,,,,,,,,,,,,,,,,,,,,,
,,,,,,,,,,,,,,,,,,,,,,,,,,,,,,,,,,,
,,,,,,,,,,,,,,,,,,,,,,,,,,,,,,,,,,,
,,,,,,,,,,,,,,,,,,,,,,,,,,,,,,,,,,,
,,,,,,,,,,,,,,,,,,,,,,,,,,,,,,,,,,,
,,,,,,,,,,,,,,,,,,,,,,,,,,,,,,,,,,,
,,,,,,,,,,,,,,,,,,,,,,,,,,,,,,,,,,,
,,,,,,,,,,,,,,,,,,,,,,,,,,,,,,,,,,,
,,,,,,,,,,,,,,,,,,,,,,,,,,,,,,,,,,,
,,,,,,,,,,,,,,,,,,,,,,,,,,,,,,,,,,,
,,,,,,,,,,,,,,,,,,,,,,,,,,,,,,,,,,,
,,,,,,,,,,,,,,,,,,,,,,,,,,,,,,,,,,,
,,,,,,,,,,,,,,,,,,,,,,,,,,,,,,,,,,,
,,,,,,,,,,,,,,,,,,,,,,,,,,,,,,,,,,,
,,,,,,,,,,,,,,,,,,,,,,,,,,,,,,,,,,,
,,,,,,,,,,,,,,,,,,,,,,,,,,,,,,,,,,,
,,,,,,,,,,,,,,,,,,,,,,,,,,,,,,,,,,,
,,,,,,,,,,,,,,,,,,,,,,,,,,,,,,,,,,,
,,,,,,,,,,,,,,,,,,,,,,,,,,,,,,,,,,,
,,,,,,,,,,,,,,,,,,,,,,,,,,,,,,,,,,,
,,,,,,,,,,,,,,,,,,,,,,,,,,,,,,,,,,,
,,,,,,,,,,,,,,,,,,,,,,,,,,,,,,,,,,,
,,,,,,,,,,,,,,,,,,,,,,,,,,,,,,,,,,,
,,,,,,,,,,,,,,,,,,,,,,,,,,,,,,,,,,,
,,,,,,,,,,,,,,,,,,,,,,,,,,,,,,,,,,,
,,,,,,,,,,,,,,,,,,,,,,,,,,,,,,,,,,,
,,,,,,,,,,,,,,,,,,,,,,,,,,,,,,,,,,,
,,,,,,,,,,,,,,,,,,,,,,,,,,,,,,,,,,,
,,,,,,,,,,,,,,,,,,,,,,,,,,,,,,,,,,,
,,,,,,,,,,,,,,,,,,,,,,,,,,,,,,,,,,,
,,,,,,,,,,,,,,,,,,,,,,,,,,,,,,,,,,,
,,,,,,,,,,,,,,,,,,,,,,,,,,,,,,,,,,,
,,,,,,,,,,,,,,,,,,,,,,,,,,,,,,,,,,,
,,,,,,,,,,,,,,,,,,,,,,,,,,,,,,,,,,,
,,,,,,,,,,,,,,,,,,,,,,,,,,,,,,,,,,,
,,,,,,,,,,,,,,,,,,,,,,,,,,,,,,,,,,,
,,,,,,,,,,,,,,,,,,,,,,,,,,,,,,,,,,,
,,,,,,,,,,,,,,,,,,,,,,,,,,,,,,,,,,,
,,,,,,,,,,,,,,,,,,,,,,,,,,,,,,,,,,,
,,,,,,,,,,,,,,,,,,,,,,,,,,,,,,,,,,,
,,,,,,,,,,,,,,,,,,,,,,,,,,,,,,,,,,,
,,,,,,,,,,,,,,,,,,,,,,,,,,,,,,,,,,,
,,,,,,,,,,,,,,,,,,,,,,,,,,,,,,,,,,,
,,,,,,,,,,,,,,,,,,,,,,,,,,,,,,,,,,,
,,,,,,,,,,,,,,,,,,,,,,,,,,,,,,,,,,,
,,,,,,,,,,,,,,,,,,,,,,,,,,,,,,,,,,,
,,,,,,,,,,,,,,,,,,,,,,,,,,,,,,,,,,,
,,,,,,,,,,,,,,,,,,,,,,,,,,,,,,,,,,,
,,,,,,,,,,,,,,,,,,,,,,,,,,,,,,,,,,,
,,,,,,,,,,,,,,,,,,,,,,,,,,,,,,,,,,,
,,,,,,,,,,,,,,,,,,,,,,,,,,,,,,,,,,,
,,,,,,,,,,,,,,,,,,,,,,,,,,,,,,,,,,,
,,,,,,,,,,,,,,,,,,,,,,,,,,,,,,,,,,,
,,,,,,,,,,,,,,,,,,,,,,,,,,,,,,,,,,,
,,,,,,,,,,,,,,,,,,,,,,,,,,,,,,,,,,,
,,,,,,,,,,,,,,,,,,,,,,,,,,,,,,,,,,,
,,,,,,,,,,,,,,,,,,,,,,,,,,,,,,,,,,,
,,,,,,,,,,,,,,,,,,,,,,,,,,,,,,,,,,,
,,,,,,,,,,,,,,,,,,,,,,,,,,,,,,,,,,,
,,,,,,,,,,,,,,,,,,,,,,,,,,,,,,,,,,,
,,,,,,,,,,,,,,,,,,,,,,,,,,,,,,,,,,,
,,,,,,,,,,,,,,,,,,,,,,,,,,,,,,,,,,,
,,,,,,,,,,,,,,,,,,,,,,,,,,,,,,,,,,,
,,,,,,,,,,,,,,,,,,,,,,,,,,,,,,,,,,,
,,,,,,,,,,,,,,,,,,,,,,,,,,,,,,,,,,,
,,,,,,,,,,,,,,,,,,,,,,,,,,,,,,,,,,,
,,,,,,,,,,,,,,,,,,,,,,,,,,,,,,,,,,,
,,,,,,,,,,,,,,,,,,,,,,,,,,,,,,,,,,,
,,,,,,,,,,,,,,,,,,,,,,,,,,,,,,,,,,,
,,,,,,,,,,,,,,,,,,,,,,,,,,,,,,,,,,,
,,,,,,,,,,,,,,,,,,,,,,,,,,,,,,,,,,,
,,,,,,,,,,,,,,,,,,,,,,,,,,,,,,,,,,,
,,,,,,,,,,,,,,,,,,,,,,,,,,,,,,,,,,,
,,,,,,,,,,,,,,,,,,,,,,,,,,,,,,,,,,,
,,,,,,,,,,,,,,,,,,,,,,,,,,,,,,,,,,,
,,,,,,,,,,,,,,,,,,,,,,,,,,,,,,,,,,,
,,,,,,,,,,,,,,,,,,,,,,,,,,,,,,,,,,,
,,,,,,,,,,,,,,,,,,,,,,,,,,,,,,,,,,,
,,,,,,,,,,,,,,,,,,,,,,,,,,,,,,,,,,,
,,,,,,,,,,,,,,,,,,,,,,,,,,,,,,,,,,,
,,,,,,,,,,,,,,,,,,,,,,,,,,,,,,,,,,,
,,,,,,,,,,,,,,,,,,,,,,,,,,,,,,,,,,,
,,,,,,,,,,,,,,,,,,,,,,,,,,,,,,,,,,,
,,,,,,,,,,,,,,,,,,,,,,,,,,,,,,,,,,,
,,,,,,,,,,,,,,,,,,,,,,,,,,,,,,,,,,,
,,,,,,,,,,,,,,,,,,,,,,,,,,,,,,,,,,,
,,,,,,,,,,,,,,,,,,,,,,,,,,,,,,,,,,,
,,,,,,,,,,,,,,,,,,,,,,,,,,,,,,,,,,,
,,,,,,,,,,,,,,,,,,,,,,,,,,,,,,,,,,,
,,,,,,,,,,,,,,,,,,,,,,,,,,,,,,,,,,,
,,,,,,,,,,,,,,,,,,,,,,,,,,,,,,,,,,,
,,,,,,,,,,,,,,,,,,,,,,,,,,,,,,,,,,,
,,,,,,,,,,,,,,,,,,,,,,,,,,,,,,,,,,,
,,,,,,,,,,,,,,,,,,,,,,,,,,,,,,,,,,,
,,,,,,,,,,,,,,,,,,,,,,,,,,,,,,,,,,,
,,,,,,,,,,,,,,,,,,,,,,,,,,,,,,,,,,,
,,,,,,,,,,,,,,,,,,,,,,,,,,,,,,,,,,,
,,,,,,,,,,,,,,,,,,,,,,,,,,,,,,,,,,,
,,,,,,,,,,,,,,,,,,,,,,,,,,,,,,,,,,,
,,,,,,,,,,,,,,,,,,,,,,,,,,,,,,,,,,,
,,,,,,,,,,,,,,,,,,,,,,,,,,,,,,,,,,,
,,,,,,,,,,,,,,,,,,,,,,,,,,,,,,,,,,,
,,,,,,,,,,,,,,,,,,,,,,,,,,,,,,,,,,,
,,,,,,,,,,,,,,,,,,,,,,,,,,,,,,,,,,,
,,,,,,,,,,,,,,,,,,,,,,,,,,,,,,,,,,,
,,,,,,,,,,,,,,,,,,,,,,,,,,,,,,,,,,,
,,,,,,,,,,,,,,,,,,,,,,,,,,,,,,,,,,,
,,,,,,,,,,,,,,,,,,,,,,,,,,,,,,,,,,,
,,,,,,,,,,,,,,,,,,,,,,,,,,,,,,,,,,,
,,,,,,,,,,,,,,,,,,,,,,,,,,,,,,,,,,,
,,,,,,,,,,,,,,,,,,,,,,,,,,,,,,,,,,,
,,,,,,,,,,,,,,,,,,,,,,,,,,,,,,,,,,,
,,,,,,,,,,,,,,,,,,,,,,,,,,,,,,,,,,,
,,,,,,,,,,,,,,,,,,,,,,,,,,,,,,,,,,,
,,,,,,,,,,,,,,,,,,,,,,,,,,,,,,,,,,,
,,,,,,,,,,,,,,,,,,,,,,,,,,,,,,,,,,,
,,,,,,,,,,,,,,,,,,,,,,,,,,,,,,,,,,,
,,,,,,,,,,,,,,,,,,,,,,,,,,,,,,,,,,,
,,,,,,,,,,,,,,,,,,,,,,,,,,,,,,,,,,,
,,,,,,,,,,,,,,,,,,,,,,,,,,,,,,,,,,,
,,,,,,,,,,,,,,,,,,,,,,,,,,,,,,,,,,,
,,,,,,,,,,,,,,,,,,,,,,,,,,,,,,,,,,,
,,,,,,,,,,,,,,,,,,,,,,,,,,,,,,,,,,,
,,,,,,,,,,,,,,,,,,,,,,,,,,,,,,,,,,,
,,,,,,,,,,,,,,,,,,,,,,,,,,,,,,,,,,,
,,,,,,,,,,,,,,,,,,,,,,,,,,,,,,,,,,,
,,,,,,,,,,,,,,,,,,,,,,,,,,,,,,,,,,,
,,,,,,,,,,,,,,,,,,,,,,,,,,,,,,,,,,,
,,,,,,,,,,,,,,,,,,,,,,,,,,,,,,,,,,,
,,,,,,,,,,,,,,,,,,,,,,,,,,,,,,,,,,,
,,,,,,,,,,,,,,,,,,,,,,,,,,,,,,,,,,,
,,,,,,,,,,,,,,,,,,,,,,,,,,,,,,,,,,,
,,,,,,,,,,,,,,,,,,,,,,,,,,,,,,,,,,,
,,,,,,,,,,,,,,,,,,,,,,,,,,,,,,,,,,,
,,,,,,,,,,,,,,,,,,,,,,,,,,,,,,,,,,,
,,,,,,,,,,,,,,,,,,,,,,,,,,,,,,,,,,,
,,,,,,,,,,,,,,,,,,,,,,,,,,,,,,,,,,,
,,,,,,,,,,,,,,,,,,,,,,,,,,,,,,,,,,,
,,,,,,,,,,,,,,,,,,,,,,,,,,,,,,,,,,,
,,,,,,,,,,,,,,,,,,,,,,,,,,,,,,,,,,,
,,,,,,,,,,,,,,,,,,,,,,,,,,,,,,,,,,,
,,,,,,,,,,,,,,,,,,,,,,,,,,,,,,,,,,,
,,,,,,,,,,,,,,,,,,,,,,,,,,,,,,,,,,,
,,,,,,,,,,,,,,,,,,,,,,,,,,,,,,,,,,,
,,,,,,,,,,,,,,,,,,,,,,,,,,,,,,,,,,,
,,,,,,,,,,,,,,,,,,,,,,,,,,,,,,,,,,,
,,,,,,,,,,,,,,,,,,,,,,,,,,,,,,,,,,,
,,,,,,,,,,,,,,,,,,,,,,,,,,,,,,,,,,,
,,,,,,,,,,,,,,,,,,,,,,,,,,,,,,,,,,,
,,,,,,,,,,,,,,,,,,,,,,,,,,,,,,,,,,,
,,,,,,,,,,,,,,,,,,,,,,,,,,,,,,,,,,,
,,,,,,,,,,,,,,,,,,,,,,,,,,,,,,,,,,,
,,,,,,,,,,,,,,,,,,,,,,,,,,,,,,,,,,,
,,,,,,,,,,,,,,,,,,,,,,,,,,,,,,,,,,,
,,,,,,,,,,,,,,,,,,,,,,,,,,,,,,,,,,,
,,,,,,,,,,,,,,,,,,,,,,,,,,,,,,,,,,,
,,,,,,,,,,,,,,,,,,,,,,,,,,,,,,,,,,,
,,,,,,,,,,,,,,,,,,,,,,,,,,,,,,,,,,,
,,,,,,,,,,,,,,,,,,,,,,,,,,,,,,,,,,,
,,,,,,,,,,,,,,,,,,,,,,,,,,,,,,,,,,,
,,,,,,,,,,,,,,,,,,,,,,,,,,,,,,,,,,,
,,,,,,,,,,,,,,,,,,,,,,,,,,,,,,,,,,,
,,,,,,,,,,,,,,,,,,,,,,,,,,,,,,,,,,,
,,,,,,,,,,,,,,,,,,,,,,,,,,,,,,,,,,,
,,,,,,,,,,,,,,,,,,,,,,,,,,,,,,,,,,,
